providerType,ccn,providerName,city,state,reviewedDomain,candidateUrl,mapLinkCount,careerUrlsFound,detailedJobUrlsFound,detailedJobUrlCount,verifiedDetailPages,atsDetected,jobPostingDetected,auditStage,auditStatus,auditReason
nursing_home,045214,Hudson Memorial Nursing Home,EL DORADO,AR,hudsonmemorialnursing.com,https://hudsonmemorialnursing.com/,2,,,0,0,false,false,map_only,rejected_insufficient_detailed_job_urls,Map found 0 provider-hosted job-detail URL(s) with a stable path; requires at least 5.
nursing_home,075338,ARK HEALTHCARE & REHABILITATION AT GOVERNORS HOUSE,SIMSBURY,CT,arkgovernorshouse.com,https://arkgovernorshouse.com/services/,12,https://arkgovernorshouse.com/re-opening-letter|https://arkgovernorshouse.com/careers,https://arkgovernorshouse.com/re-opening-letter,1,0,false,false,map_only,rejected_insufficient_detailed_job_urls,Map found 1 provider-hosted job-detail URL(s) with a stable path; requires at least 5.
nursing_home,105634,GULFSIDE HEALTH AND REHABILITATION CENTER,CLEARWATER,FL,gulfsidehrc.com,https://gulfsidehrc.com/,20,https://gulfsidehrc.com/employment,,0,0,false,false,map_only,rejected_insufficient_detailed_job_urls,Map found 0 provider-hosted job-detail URL(s) with a stable path; requires at least 5.
nursing_home,115449,HART CARE CENTER,HARTWELL,GA,hartcarecenter.org,https://hartcarecenter.org/service/senior-care-services/,18,,,0,0,false,false,map_only,rejected_insufficient_detailed_job_urls,Map found 0 provider-hosted job-detail URL(s) with a stable path; requires at least 5.
nursing_home,225049,Pine Knoll Nursing Center,LEXINGTON,MA,pineknollnursingcenter.com,https://www.pineknollnursingcenter.com/About-Pine-Knoll-Nursing-Center-Rehab,2,,,0,0,false,false,map_only,rejected_insufficient_detailed_job_urls,Map found 0 provider-hosted job-detail URL(s) with a stable path; requires at least 5.
nursing_home,215007,Wicomico Nursing Home,SALISBURY,MD,wicomiconursinghome.org,https://wicomiconursinghome.org/contact/,7,https://wicomiconursinghome.org/employment,,0,0,false,false,map_only,rejected_insufficient_detailed_job_urls,Map found 0 provider-hosted job-detail URL(s) with a stable path; requires at least 5.
nursing_home,205082,PINNACLE HEALTH & REHAB AT SANFORD,SANFORD,ME,pinnaclesanford.com,https://pinnaclesanford.com/,7,https://pinnaclesanford.com/employment-application,,0,0,false,false,map_only,rejected_insufficient_detailed_job_urls,Map found 0 provider-hosted job-detail URL(s) with a stable path; requires at least 5.
nursing_home,265412,MOUNTAIN VIEW HEALTHCARE,MOUNTAIN VIEW,MO,willowhealthcare.com,https://www.willowhealthcare.com/communities/mountain-view-healthcare/,28,https://www.willowhealthcare.com/about-us/careers,,0,0,false,false,map_only,rejected_insufficient_detailed_job_urls,Map found 0 provider-hosted job-detail URL(s) with a stable path; requires at least 5.
nursing_home,38E174,VILLAGE MANOR OF CASCADIA,WOOD VILLAGE,OR,villagemanorofcascadia.com,https://www.villagemanorofcascadia.com/,10,https://www.villagemanorofcascadia.com/careers,,0,0,false,false,map_only,rejected_insufficient_detailed_job_urls,Map found 0 provider-hosted job-detail URL(s) with a stable path; requires at least 5.
nursing_home,395605,ST BARNABAS NURSING HOME,GIBSONIA,PA,stbarnabashealthsystem.com,https://stbarnabashealthsystem.com/charities/annual-events/presents-for-patients/,106,https://stbarnabashealthsystem.com/careers/students/student-employment-application|https://stbarnabashealthsystem.com/careers/application|https://stbarnabashealthsystem.com/careers/referral-bonus|https://stbarnabashealthsystem.com/careers/students|https://stbarnabashealthsystem.com/careers,https://stbarnabashealthsystem.com/careers/students/student-employment-application|https://stbarnabashealthsystem.com/careers/application|https://stbarnabashealthsystem.com/careers/referral-bonus|https://stbarnabashealthsystem.com/careers/students,4,0,false,false,map_only,rejected_insufficient_detailed_job_urls,Map found 4 provider-hosted job-detail URL(s) with a stable path; requires at least 5.
nursing_home,056382,THE GROVE POST-ACUTE CARE CENTER,SYLMAR,CA,thegrovepostacute.com,https://www.thegrovepostacute.com/,5,,,0,0,false,false,map_only,rejected_insufficient_detailed_job_urls,Map found 0 provider-hosted job-detail URL(s) with a stable path; requires at least 5.
nursing_home,295104,SIERRA BASIN POST ACUTE,CARSON CITY,NV,sierrabasinpa.com,https://sierrabasinpa.com/,14,https://sierrabasinpa.com/careers,,0,0,false,false,map_only,rejected_insufficient_detailed_job_urls,Map found 0 provider-hosted job-detail URL(s) with a stable path; requires at least 5.
nursing_home,676000,PINE RIDGE HEALTH CARE LLP,LIVINGSTON,TX,pineridgellp.com,https://pineridgellp.com/contact/,1,,,0,0,false,false,map_only,rejected_insufficient_detailed_job_urls,Map found 0 provider-hosted job-detail URL(s) with a stable path; requires at least 5.
nursing_home,535026,Big Horn Rehabilitation and Care Center,Sheridan,WY,bighornhc.com,https://bighornhc.com/,26,https://bighornhc.com/careers,,0,0,false,false,map_only,rejected_insufficient_detailed_job_urls,Map found 0 provider-hosted job-detail URL(s) with a stable path; requires at least 5.
nursing_home,555767,BELLAKEN SKILLED NURSING CENTER,OAKLAND,CA,bellaken.com,http://www.bellaken.com/index.php/skilled-nursing-facility-services/skilled-nursing,63,,,0,0,false,false,map_only,rejected_insufficient_detailed_job_urls,Map found 0 provider-hosted job-detail URL(s) with a stable path; requires at least 5.
nursing_home,075236,NOBLE HORIZONS,SALISBURY,CT,noblehorizons.org,https://noblehorizons.org/noble-horizons-nurse-autumn-cockcroft-honored-receives-optums-clinical-excellence-award/,223,https://noblehorizons.org/about/career-opportunities|https://noblehorizons.org/jessica-boardman-r-n-lasting-bonds-are-part-of-her-noble-career,https://noblehorizons.org/about/career-opportunities|https://noblehorizons.org/jessica-boardman-r-n-lasting-bonds-are-part-of-her-noble-career,2,0,false,false,map_only,rejected_insufficient_detailed_job_urls,Map found 2 provider-hosted job-detail URL(s) with a stable path; requires at least 5.
nursing_home,285300,Hillcrest Firethorn,Lincoln,NE,hillcresthealth.com,https://hillcresthealth.com/locations-and-services/hillcrest-firethorn/,63,https://hillcresthealth.com/careers|https://hillcresthealth.com/careers-delete,https://hillcresthealth.com/careers-delete,1,0,false,false,map_only,rejected_insufficient_detailed_job_urls,Map found 1 provider-hosted job-detail URL(s) with a stable path; requires at least 5.
nursing_home,315354,SUNNYSIDE MANOR,WALL,NJ,sunnysidemanornj.com,https://www.sunnysidemanornj.com/senior-living-options/skilled-nursing/,206,https://www.sunnysidemanornj.com/contact-us/employment|https://www.sunnysidemanornj.com/2016/01/27/ribbon-cutting-marks-opening-of-a-new-generation-of-senior-living|https://www.sunnysidemanornj.com/2015/05/05/new-location-opening-in-summer-2015,https://www.sunnysidemanornj.com/2016/01/27/ribbon-cutting-marks-opening-of-a-new-generation-of-senior-living|https://www.sunnysidemanornj.com/2015/05/05/new-location-opening-in-summer-2015,2,0,false,false,map_only,rejected_insufficient_detailed_job_urls,Map found 2 provider-hosted job-detail URL(s) with a stable path; requires at least 5.
nursing_home,32E083,South Valley Care Center LLC,Albuquerque,NM,southvalleycare.com,https://www.southvalleycare.com/,5,https://www.southvalleycare.com/careers|https://southvalleycare.com/careers,,0,0,false,false,map_only,rejected_insufficient_detailed_job_urls,Map found 0 provider-hosted job-detail URL(s) with a stable path; requires at least 5.
nursing_home,335155,WINDSOR PARK REHAB & NURSING CENTER,QUEENS VILLAGE,NY,windsorparknh.com,https://www.windsorparknh.com/,60,https://www.windsorparknh.com/2020/07/16/ny-department-of-health-reopening-safety-plan,https://www.windsorparknh.com/2020/07/16/ny-department-of-health-reopening-safety-plan,1,0,false,false,map_only,rejected_insufficient_detailed_job_urls,Map found 1 provider-hosted job-detail URL(s) with a stable path; requires at least 5.
nursing_home,375493,Heartsworth Center For Nursing & Rehabilitation,Vinita,OK,heartsworthseniorliving.com,https://heartsworthseniorliving.com/,107,https://heartsworthseniorliving.com/nursing-home-careers,https://heartsworthseniorliving.com/nursing-home-careers,1,0,false,false,map_only,rejected_insufficient_detailed_job_urls,Map found 1 provider-hosted job-detail URL(s) with a stable path; requires at least 5.
nursing_home,676229,TRUCARE LIVING CENTERS-COLUMBUS,COLUMBUS,TX,tlc-columbus.com,https://tlc-columbus.com/,2,,,0,0,false,false,map_only,rejected_insufficient_detailed_job_urls,Map found 0 provider-hosted job-detail URL(s) with a stable path; requires at least 5.
nursing_home,495183,THE HAVEN AT BRANDERMILL WOODS,MIDLOTHIAN,VA,brandermillwoods.com,https://www.brandermillwoods.com/skilled-care-midlothian,227,https://www.brandermillwoods.com/careers|https://www.brandermillwoods.com/blog/governor-issues-proclamation-for-careers-in-aging-week-3-14-22,https://www.brandermillwoods.com/blog/governor-issues-proclamation-for-careers-in-aging-week-3-14-22,1,0,false,false,map_only,rejected_insufficient_detailed_job_urls,Map found 1 provider-hosted job-detail URL(s) with a stable path; requires at least 5.
nursing_home,095020,STODDARD BAPTIST NURSING HOME,WASHINGTON,DC,stoddardbaptisthome.org,https://www.stoddardbaptisthome.org/,37,https://www.stoddardbaptisthome.org/careers/current-job-openings|https://www.stoddardbaptisthome.org/careers/volunteers|https://www.stoddardbaptisthome.org/careers|https://www.stoddardbaptisthome.org/employment-application,https://www.stoddardbaptisthome.org/careers/current-job-openings|https://www.stoddardbaptisthome.org/careers/volunteers,2,0,false,false,map_only,rejected_insufficient_detailed_job_urls,Map found 2 provider-hosted job-detail URL(s) with a stable path; requires at least 5.
nursing_home,235026,Gogebic Medical Care Facility,Wakefield,MI,gogebicmedicalcare.com,https://www.gogebicmedicalcare.com/,27,https://www.gogebicmedicalcare.com/careers|https://www.gogebicmedicalcare.com/post/gmcf-is-opening-its-doors-to-visitors-without-appointments|https://www.gogebicmedicalcare.com/post/gmcf-at-gogebic-community-college-healthcare-job-fair-2022,https://www.gogebicmedicalcare.com/post/gmcf-is-opening-its-doors-to-visitors-without-appointments|https://www.gogebicmedicalcare.com/post/gmcf-at-gogebic-community-college-healthcare-job-fair-2022,2,0,false,false,map_only,rejected_insufficient_detailed_job_urls,Map found 2 provider-hosted job-detail URL(s) with a stable path; requires at least 5.
nursing_home,38E173,AVALON CARE CENTER - PORTLAND,PORTLAND,OR,avalonhealthcare.com,https://avalonhealthcare.com/portland/,75,https://careers.avalonhealthcare.com/jobs|https://careers.avalonhealthcare.com,,0,0,false,false,map_only,rejected_insufficient_detailed_job_urls,Map found 0 provider-hosted job-detail URL(s) with a stable path; requires at least 5.
nursing_home,035097,The Legacy Rehab & Care Center,BULLHEAD CITY,AZ,thelegacyrehab.com,https://thelegacyrehab.com/who-we-are,28,https://thelegacyrehab.com/grow-your-career-with-us,https://thelegacyrehab.com/grow-your-career-with-us|https://thelegacyrehab.com/volunteer-opportunities,2,0,false,false,map_only,rejected_insufficient_detailed_job_urls,Map found 2 provider-hosted job-detail URL(s) with a stable path; requires at least 5.
nursing_home,095028,INGLESIDE AT ROCK CREEK,WASHINGTON,DC,inglesideonline.org,https://inglesideonline.org/news/new-ingleside-engaged-social-day-program-launches-at-ingleside-at-rock-creek/,189,https://inglesideonline.org/careers|https://inglesideonline.org/news/program-offers-career-opportunities-in-senior-living-for-young-adults-with-idds,https://inglesideonline.org/news/program-offers-career-opportunities-in-senior-living-for-young-adults-with-idds,1,0,false,false,map_only,rejected_insufficient_detailed_job_urls,Map found 1 provider-hosted job-detail URL(s) with a stable path; requires at least 5.
nursing_home,125042,OAHU CARE FACILITY,HONOLULU,HI,oahucarefacility.com,https://www.oahucarefacility.com/,16,https://www.oahucarefacility.com/careers,,0,0,false,false,map_only,rejected_insufficient_detailed_job_urls,Map found 0 provider-hosted job-detail URL(s) with a stable path; requires at least 5.
nursing_home,165479,Calvin Community,Des Moines,IA,calvincommunity.org,https://www.calvincommunity.org/community/assisted_living_des_moines/,180,https://www.calvincommunity.org/careers-2|https://www.calvincommunity.org/careers/blog|https://www.calvincommunity.org/careers,https://www.calvincommunity.org/careers-2,1,0,false,false,map_only,rejected_insufficient_detailed_job_urls,Map found 1 provider-hosted job-detail URL(s) with a stable path; requires at least 5.
nursing_home,205085,Horizons Living and Rehab Center,BRUNSWICK,ME,horizonslivingandrehab.com,https://www.horizonslivingandrehab.com/,22,,,0,0,false,false,map_only,rejected_insufficient_detailed_job_urls,Map found 0 provider-hosted job-detail URL(s) with a stable path; requires at least 5.
nursing_home,285270,"Bethany Home, Inc",Minden,NE,bethany-home.net,https://www.bethany-home.net/senior-care-facility,11,https://www.bethany-home.net/senior-facility-careers,https://www.bethany-home.net/senior-facility-careers,1,0,false,false,map_only,rejected_insufficient_detailed_job_urls,Map found 1 provider-hosted job-detail URL(s) with a stable path; requires at least 5.
nursing_home,305057,COURVILLE AT MANCHESTER,MANCHESTER,NH,thecourvilles.com,https://www.thecourvilles.com/services-thecourvilles,19,https://www.thecourvilles.com/careers,,0,0,false,false,map_only,rejected_insufficient_detailed_job_urls,Map found 0 provider-hosted job-detail URL(s) with a stable path; requires at least 5.
nursing_home,325128,"Artesia Healthcare & Rehabilitation Center, LLC",Artesia,NM,artesiahc.com,https://artesiahc.com/,16,,,0,0,false,false,map_only,rejected_insufficient_detailed_job_urls,Map found 0 provider-hosted job-detail URL(s) with a stable path; requires at least 5.
nursing_home,335467,Crest Manor Living and Rehabilitation Center,Fairport,NY,crestmanorliving.com,https://crestmanorliving.com,137,https://crestmanorliving.com/employment|https://crestmanorliving.com/careers|https://crestmanorliving.com/employment/employment-form|https://crestmanorliving.com/employment/background-check-form,,0,0,false,false,map_only,rejected_insufficient_detailed_job_urls,Map found 0 provider-hosted job-detail URL(s) with a stable path; requires at least 5.
nursing_home,385234,SALEM TRANSITIONAL CARE,SALEM,OR,salemtransitionalcare.com,https://www.salemtransitionalcare.com/,11,https://www.salemtransitionalcare.com/careers,,0,0,false,false,map_only,rejected_insufficient_detailed_job_urls,Map found 0 provider-hosted job-detail URL(s) with a stable path; requires at least 5.
nursing_home,535034,Westward Heights Care Center,LANDER,WY,westward-heights.com,https://www.westward-heights.com,52,https://www.westward-heights.com/career-center/join-our-team|https://www.westward-heights.com/career-center/we-are-vetter|https://www.westward-heights.com/career-center|https://www.westward-heights.com/career-center/team-members-say-do|https://www.westward-heights.com/career-center/benefits-education|https://www.westward-heights.com/career-center/awards-recognition,https://www.westward-heights.com/career-center/join-our-team|https://www.westward-heights.com/career-center/we-are-vetter|https://www.westward-heights.com/career-center|https://www.westward-heights.com/career-center/team-members-say-do|https://www.westward-heights.com/career-center/benefits-education|https://www.westward-heights.com/career-center/awards-recognition,6,5,true,false,detailed_audit,rejected_ats_detected,Known ATS domain or embed detected on a careers/job page.
nursing_home,056019,Gardena Convalescent Center,GARDENA,CA,gardenaconvalescentcenter.com,https://gardenaconvalescentcenter.com,2,https://www.gardenaconvalescentcenter.com/employment.php,,0,0,false,false,map_only,rejected_insufficient_detailed_job_urls,Map found 0 provider-hosted job-detail URL(s) with a stable path; requires at least 5.
nursing_home,085026,STONEGATES,GREENVILLE,DE,stonegates.com,https://www.stonegates.com/health-and-wellness,69,https://stonegates.com/careers,,0,0,false,false,map_only,rejected_insufficient_detailed_job_urls,Map found 0 provider-hosted job-detail URL(s) with a stable path; requires at least 5.
nursing_home,165463,Crestview Nursing and Rehabilitation,Webster City,IA,crestviewnrc.com,https://crestviewnrc.com/,12,https://crestviewnrc.com/employment|https://crestviewnrc.com/wp-content/uploads/2023/04/Job-description-CNA-1.pdf,https://crestviewnrc.com/wp-content/uploads/2023/04/Job-description-CNA-1.pdf,1,0,false,false,map_only,rejected_insufficient_detailed_job_urls,Map found 1 provider-hosted job-detail URL(s) with a stable path; requires at least 5.
nursing_home,185049,Auburn Nursing and Rehabilitation Center,Auburn,KY,auburnnursingandrehab.com,https://www.auburnnursingandrehab.com/,41,,,0,0,false,false,map_only,rejected_insufficient_detailed_job_urls,Map found 0 provider-hosted job-detail URL(s) with a stable path; requires at least 5.
nursing_home,265237,MAPLE LAWN NURSING HOME,PALMYRA,MO,maplelawnnursinghome.net,https://www.maplelawnnursinghome.net/employment,8,https://www.maplelawnnursinghome.net/employment,,0,0,false,false,map_only,rejected_insufficient_detailed_job_urls,Map found 0 provider-hosted job-detail URL(s) with a stable path; requires at least 5.
nursing_home,255179,"LEAKESVILLE REHABILITATION AND NURSING CENTER, INC",LEAKESVILLE,MS,leakesvillerehab.com,https://leakesvillerehab.com/notice-of-non-discrimination/,133,https://leakesvillerehab.com/careers|https://leakesvillerehab.com/wp-content/uploads/2019/04/18-LRNC-0537_-_Printable_Job_Application.pdf,https://leakesvillerehab.com/wp-content/uploads/2019/04/18-LRNC-0537_-_Printable_Job_Application.pdf,1,0,false,false,map_only,rejected_insufficient_detailed_job_urls,Map found 1 provider-hosted job-detail URL(s) with a stable path; requires at least 5.
nursing_home,366308,ALGART HEALTH CARE,CLEVELAND,OH,algarthealthcare.com,https://www.algarthealthcare.com/,11,https://www.algarthealthcare.com/job-opportunities,https://www.algarthealthcare.com/job-opportunities,1,0,false,false,map_only,rejected_insufficient_detailed_job_urls,Map found 1 provider-hosted job-detail URL(s) with a stable path; requires at least 5.
nursing_home,035176,BEATITUDES CAMPUS,PHOENIX,AZ,beatitudescampus.org,https://beatitudescampus.org/healthcare/,183,https://beatitudescampus.org/careers,,0,0,false,false,map_only,rejected_insufficient_detailed_job_urls,Map found 0 provider-hosted job-detail URL(s) with a stable path; requires at least 5.
nursing_home,146194,THRIVE OF FOX VALLEY,AURORA,IL,thriveahead.com,https://thriveahead.com/2022/04/five-star-nursing-homes-in-aurora/,50,https://thriveahead.com/careers,,0,0,false,false,map_only,rejected_insufficient_detailed_job_urls,Map found 0 provider-hosted job-detail URL(s) with a stable path; requires at least 5.
nursing_home,235076,Newaygo Co Medical Care Facility,Fremont,MI,newaygomcf.org,https://www.newaygomcf.org/contact/,14,https://www.newaygomcf.org/careers,,0,0,false,false,map_only,rejected_insufficient_detailed_job_urls,Map found 0 provider-hosted job-detail URL(s) with a stable path; requires at least 5.
nursing_home,285302,Hillcrest Millard LLC,Omaha,NE,hillcresthealth.com,https://hillcresthealth.com/locations-and-services/hillcrest-millard/,63,https://hillcresthealth.com/careers|https://hillcresthealth.com/careers-delete,https://hillcresthealth.com/careers-delete,1,0,false,false,map_only,rejected_insufficient_detailed_job_urls,Map found 1 provider-hosted job-detail URL(s) with a stable path; requires at least 5.
nursing_home,315427,UNITED METHODIST COMMUNITIES AT PITMAN,PITMAN,NJ,umcommunities.org,https://www.pitman.umcommunities.org/pitman/lifestyle/,173,https://umcommunities.org/the-shores/careers|https://umcommunities.org/about/careers|https://umcommunities.org/homeworks/careers|https://umcommunities.org/pitman-manor/careers|https://umcommunities.org/bristol-glen/careers|https://umcommunities.org/resources/blog/join-us-in-celebrating-three-members-of-the-umc-leadership-team,,0,0,false,false,map_only,rejected_insufficient_detailed_job_urls,Map found 0 provider-hosted job-detail URL(s) with a stable path; requires at least 5.
nursing_home,365595,MOMENTOUS HEALTH AT FRANKLIN,FRANKLIN,OH,momentousfran.com,https://momentousfran.com/,10,https://momentousfran.com/careers,,0,0,false,false,map_only,rejected_insufficient_detailed_job_urls,Map found 0 provider-hosted job-detail URL(s) with a stable path; requires at least 5.
nursing_home,396053,COUNTRY MEADOWS NURSING CENTER OF BETHLEHEM,BETHLEHEM,PA,countrymeadows.com,https://www.countrymeadows.com/nursing-rehab-center,233,https://www.countrymeadows.com/careers/career-type-stories/a-successful-career-path|https://www.countrymeadows.com/careers/co-worker-story-bank/tenured-success-brings-fulfillment-and-gratitude|https://www.countrymeadows.com/careers/co-worker-story-bank/profiles-garrett-kistler|https://www.countrymeadows.com/careers/submit-a-question|https://www.countrymeadows.com/careers/co-worker-story-bank/a-place-to-grow-lead-and-impact-lives|https://www.countrymeadows.com/careers/meet-our-co-workers/co-workers-recognized-as-future-leaders-in-long-term-care|https://www.countrymeadows.com/careers/videos/making-rewarding-connections|https://www.countrymeadows.com/careers/students|https://www.countrymeadows.com/careers/co-worker-story-bank/co-workers-share-comments-on-what-make-country-meadows-a-great-place-to-work|https://www.countrymeadows.com/careers,https://www.countrymeadows.com/careers/career-type-stories/a-successful-career-path|https://www.countrymeadows.com/careers/co-worker-story-bank/tenured-success-brings-fulfillment-and-gratitude|https://www.countrymeadows.com/careers/co-worker-story-bank/profiles-garrett-kistler|https://www.countrymeadows.com/careers/submit-a-question|https://www.countrymeadows.com/careers/co-worker-story-bank/a-place-to-grow-lead-and-impact-lives|https://www.countrymeadows.com/careers/meet-our-co-workers/co-workers-recognized-as-future-leaders-in-long-term-care|https://www.countrymeadows.com/careers/videos/making-rewarding-connections|https://www.countrymeadows.com/careers/students|https://www.countrymeadows.com/careers/co-worker-story-bank/co-workers-share-comments-on-what-make-country-meadows-a-great-place-to-work|https://www.countrymeadows.com/careers/career-type-stories/fulfilling-a-gift|https://www.countrymeadows.com/careers/co-worker-story-bank/making-every-moment-count-residents-dementia|https://www.countrymeadows.com/careers/co-worker-story-bank/patience-and-perseverance-prevail-especially-at-a-company-like-country-meadows|https://www.countrymeadows.com/careers/co-worker-story-bank/co-worker-breathes-easier-saves-money-after-kicking-smoking-habit|https://www.countrymeadows.com/careers/co-worker-story-bank/financial-assistance-helps-co-workers-earn-degree-enriching-careers-and-lives|https://www.countrymeadows.com/careers/videos/new-perspective-of-a-retirement-community|https://www.countrymeadows.com/careers/videos/tenured-success|https://www.countrymeadows.com/careers/career-type-stories/support-and-training-for-continued-success|https://www.countrymeadows.com/blog/director-of-career-outreach-discusses-the-family-atmosphere-at-country-meadows-before-during-and-after-covid-19|https://www.countrymeadows.com/news/meet-our-residents/theodores-handcrafted-apartment-decor-is-a-reminder-of-his-career|https://www.countrymeadows.com/blog/retirement-homes-that-allow-pets-offer-seniors-more-opportunities-for-personalized-living|https://www.countrymeadows.com/career_type_post-sitemap.xml|https://www.countrymeadows.com/career_type-sitemap.xml|https://www.countrymeadows.com/news/meet-our-residents/betty-rothrock-reminisces-about-career-during-national-nurses-week-celebration,23,5,true,false,detailed_audit,rejected_ats_detected,Known ATS domain or embed detected on a careers/job page.
nursing_home,035130,ARCHSTONE CARE CENTER,CHANDLER,AZ,archstonecare.com,https://archstonecare.com/choose-us/,56,https://archstonecare.com/job-openings|https://archstonecare.com/jobs/font-desk-receptionist|https://archstonecare.com/awsm_job_openings-sitemap.xml|https://archstonecare.com/jobs/lpn|https://archstonecare.com/careers|https://archstonecare.com/employment-application|https://archstonecare.com/jobs/certified-nursing-assistant|https://archstonecare.com/jobs|https://archstonecare.com/jobs/rn|https://archstonecare.com/jobs/housekeeping-aide,https://archstonecare.com/job-openings|https://archstonecare.com/jobs/font-desk-receptionist|https://archstonecare.com/awsm_job_openings-sitemap.xml|https://archstonecare.com/jobs/certified-nursing-assistant|https://archstonecare.com/jobs/housekeeping-aide|https://archstonecare.com/jobs/dietary-aide|https://archstonecare.com/job-category/housekeeping-aide|https://archstonecare.com/job-type-sitemap.xml|https://archstonecare.com/job-category-sitemap.xml|https://archstonecare.com/job-location-sitemap.xml|https://archstonecare.com/job-category/dietary-aide|https://archstonecare.com/job-category/front-desk-receptionist|https://archstonecare.com/job-location/chandler|https://archstonecare.com/job-type/full-time|https://archstonecare.com/job-type/part-time,15,4,false,true,detailed_audit,rejected_jobposting_detected,JSON-LD JobPosting detected on the sampled careers/job pages.
nursing_home,465085,San Rafael Health and Rehabilitation,Ferron,UT,sanrafaelhealth.com,http://sanrafaelhealth.com/,2,http://sanrafaelhealth.com/jobs.html,http://sanrafaelhealth.com/jobs.html,1,0,false,false,map_only,rejected_insufficient_detailed_job_urls,Map found 1 provider-hosted job-detail URL(s) with a stable path; requires at least 5.
nursing_home,495199,GREENSVILLE HEALTH AND REHABILITATION CENTER,EMPORIA,VA,greensvillehealth.com,https://www.greensvillehealth.com/,16,https://www.greensvillehealth.com/careers-old|https://www.greensvillehealth.com/careers,https://www.greensvillehealth.com/careers-old,1,0,false,false,map_only,rejected_insufficient_detailed_job_urls,Map found 1 provider-hosted job-detail URL(s) with a stable path; requires at least 5.
nursing_home,125069,HALE OLA KINO BY ARCADIA,HON,HI,arcadia.org,https://arcadia.org/skilled-nursing/hale-ola-kino/,17,https://arcadia.org/careers|https://arcadia.org/careers/health-care|https://arcadia.org/careers/benefits|https://arcadia.org/careers/facilities|https://arcadia.org/careers/meet-our-family|https://arcadia.org/careers/dining-services|https://arcadia.org/careers/housekeeping|https://arcadia.org/news/find-a-rewarding-career-by-working-in-a-life-plan-community,https://arcadia.org/careers/health-care|https://arcadia.org/careers/benefits|https://arcadia.org/careers/facilities|https://arcadia.org/careers/meet-our-family|https://arcadia.org/careers/dining-services|https://arcadia.org/careers/housekeeping|https://arcadia.org/news/find-a-rewarding-career-by-working-in-a-life-plan-community,7,3,true,false,detailed_audit,rejected_ats_detected,Known ATS domain or embed detected on a careers/job page.
nursing_home,155521,ALEXANDRIA CARE CENTER,ALEXANDRIA,IN,alexandriacc.com,https://alexandriacc.com/,35,https://alexandriacc.com/careers,,0,0,false,false,map_only,rejected_insufficient_detailed_job_urls,Map found 0 provider-hosted job-detail URL(s) with a stable path; requires at least 5.
nursing_home,225318,MILL TOWN HEALTH AND REHABILITATION,AMESBURY,MA,milltownhealth.com,https://milltownhealth.com/about/,30,https://milltownhealth.com/careers|https://milltownhealth.com/portfolio-category/jobs|https://milltownhealth.com/tbuilder-layout-part/job-form,https://milltownhealth.com/tbuilder-layout-part/job-form,1,0,false,false,map_only,rejected_insufficient_detailed_job_urls,Map found 1 provider-hosted job-detail URL(s) with a stable path; requires at least 5.
nursing_home,015201,Arabella Health and Wellness of Red Bay,RED BAY,AL,arabellahcm.com,https://arabellahcm.com/locations/pensacola/,71,https://arabellahcm.com/careers,,0,0,false,false,map_only,rejected_insufficient_detailed_job_urls,Map found 0 provider-hosted job-detail URL(s) with a stable path; requires at least 5.
nursing_home,235584,Argentine Care Center,Linden,MI,argentinecarecenter.com,https://argentinecarecenter.com/,31,https://argentinecarecenter.com/employment-application|https://argentinecarecenter.com/careers,,0,0,false,false,map_only,rejected_insufficient_detailed_job_urls,Map found 0 provider-hosted job-detail URL(s) with a stable path; requires at least 5.
nursing_home,265182,ASCEND AT AURORA,AURORA,MO,ascendataurora.com,https://ascendataurora.com/,13,https://ascendataurora.com/careers,,0,0,false,false,map_only,rejected_insufficient_detailed_job_urls,Map found 0 provider-hosted job-detail URL(s) with a stable path; requires at least 5.
nursing_home,38E075,TIERRA ROSE CARE CENTER,SALEM,OR,tierrarose.com,https://www.tierrarose.com/,3,https://www.tierrarose.com/job-opportunities,https://www.tierrarose.com/job-opportunities,1,0,false,false,map_only,rejected_insufficient_detailed_job_urls,Map found 1 provider-hosted job-detail URL(s) with a stable path; requires at least 5.
nursing_home,495397,THE CHESAPEAKE,NEWPORT NEWS,VA,thechesapeake.org,https://thechesapeake.org/health-services/,226,,,0,0,false,false,map_only,rejected_insufficient_detailed_job_urls,Map found 0 provider-hosted job-detail URL(s) with a stable path; requires at least 5.
nursing_home,045454,"MITCHELL'S NURSING HOME, INC",DANVILLE,AR,mitchellsnursingandrehab.com,https://mitchellsnursingandrehab.com/contact-us,8,,,0,0,false,false,map_only,rejected_insufficient_detailed_job_urls,Map found 0 provider-hosted job-detail URL(s) with a stable path; requires at least 5.
nursing_home,105378,ST MARK VILLAGE,PALM HARBOR,FL,stmarkvillage.org,https://www.stmarkvillage.org/blog/st-mark-village-earns-rare-five-star-rating/,222,https://www.stmarkvillage.org/careers,https://www.stmarkvillage.org/blog/palm-harbors-arts-and-learning-opportunities-for-seniors,1,0,false,false,map_only,rejected_insufficient_detailed_job_urls,Map found 1 provider-hosted job-detail URL(s) with a stable path; requires at least 5.
nursing_home,355040,LUTHER MEMORIAL HOME,MAYVILLE,ND,luthermemorialhome.com,https://luthermemorialhome.com/about-us,245,https://luthermemorialhome.com/career,,0,0,false,false,map_only,rejected_insufficient_detailed_job_urls,Map found 0 provider-hosted job-detail URL(s) with a stable path; requires at least 5.
nursing_home,395101,SAYRE HEALTH CARE CENTER,SAYRE,PA,sayrehealth.org,https://www.sayrehealth.org/,55,,,0,0,false,false,map_only,rejected_insufficient_detailed_job_urls,Map found 0 provider-hosted job-detail URL(s) with a stable path; requires at least 5.
nursing_home,505390,MCKAY HEALTHCARE & REHAB CTR,SOAP LAKE,WA,mckayhealthcare.org,https://www.mckayhealthcare.org/contact-us,45,https://www.mckayhealthcare.org/employment,,0,0,false,false,map_only,rejected_insufficient_detailed_job_urls,Map found 0 provider-hosted job-detail URL(s) with a stable path; requires at least 5.
nursing_home,105508,East Ridge Rehabilitation and Nursing Center,CUTLER BAY,FL,eastridgeatcutlerbay.com,https://eastridgeatcutlerbay.com/skilled-nursing/,81,https://eastridgeatcutlerbay.com/contact-us/careers,https://eastridgeatcutlerbay.com/bwg_gallery/opportunities-for-community,1,0,false,false,map_only,rejected_insufficient_detailed_job_urls,Map found 1 provider-hosted job-detail URL(s) with a stable path; requires at least 5.
nursing_home,345196,Mountain Vista Health Park,Denton,NC,mtvistahealth.com,https://mtvistahealth.com/about/,91,https://mtvistahealth.com/careers,,0,0,false,false,map_only,rejected_insufficient_detailed_job_urls,Map found 0 provider-hosted job-detail URL(s) with a stable path; requires at least 5.
nursing_home,415099,Crystal Lake Rehabilitation and Care Center,Pascoag,RI,crystallakerehab.com,https://crystallakerehab.com/contact-us/,18,https://crystallakerehab.com/employment,,0,0,false,false,map_only,rejected_insufficient_detailed_job_urls,Map found 0 provider-hosted job-detail URL(s) with a stable path; requires at least 5.
nursing_home,445537,BOLIVAR HEALTH & REHABILITATION LLC,BOLIVAR,TN,bolivar-hc.com,https://www.bolivar-hc.com/,11,https://www.bolivar-hc.com/careers,,0,0,false,false,map_only,rejected_insufficient_detailed_job_urls,Map found 0 provider-hosted job-detail URL(s) with a stable path; requires at least 5.
nursing_home,035249,THE GARDENS REHAB & CARE CENTER,KINGMAN,AZ,gardensrehab.com,https://gardensrehab.com,25,https://gardensrehab.com/grow-your-career-with-us,https://gardensrehab.com/grow-your-career-with-us|https://gardensrehab.com/volunteer-opportunities,2,0,false,false,map_only,rejected_insufficient_detailed_job_urls,Map found 2 provider-hosted job-detail URL(s) with a stable path; requires at least 5.
nursing_home,075307,CHESTELM HEALTH AND REHABILITATION CENTER,MOODUS,CT,chestelmrehab.com,https://www.chestelmrehab.com/services/short-term-rehab,11,https://www.chestelmrehab.com/careers,,0,0,false,false,map_only,rejected_insufficient_detailed_job_urls,Map found 0 provider-hosted job-detail URL(s) with a stable path; requires at least 5.
nursing_home,105743,FLEET LANDING,ATLANTIC BEACH,FL,fleetlanding.com,https://www.fleetlanding.com/home-health-care-atlantic-beach,241,,,0,0,false,false,map_only,rejected_insufficient_detailed_job_urls,Map found 0 provider-hosted job-detail URL(s) with a stable path; requires at least 5.
nursing_home,165227,Birkwood Village of Fort Madison,Fort Madison,IA,birkwoodvillage.com,https://www.birkwoodvillage.com/news/,31,https://www.birkwoodvillage.com/careers/employment-application|https://www.birkwoodvillage.com/job-opening/dietary-aide-long-term-care|https://www.birkwoodvillage.com/job-opening/cna-long-term-care|https://www.birkwoodvillage.com/job-opening/assisted-living-universal-caregiver-or-med-tech|https://www.birkwoodvillage.com/job-opening/assisted-living-caregiver|https://www.birkwoodvillage.com/job-opening/mds-care-plan-coordinator|https://www.birkwoodvillage.com/job-opening/registered-nurse-rn-licensed-practical-nurse-lpn|https://www.birkwoodvillage.com/careers|https://www.birkwoodvillage.com/job-opening/rn-long-term-care|https://www.birkwoodvillage.com/job-opening/respiratory-therapist,https://www.birkwoodvillage.com/careers/employment-application|https://www.birkwoodvillage.com/job-opening/dietary-aide-long-term-care|https://www.birkwoodvillage.com/job-opening/cna-long-term-care|https://www.birkwoodvillage.com/job-opening/assisted-living-universal-caregiver-or-med-tech|https://www.birkwoodvillage.com/job-opening/assisted-living-caregiver|https://www.birkwoodvillage.com/job-opening/mds-care-plan-coordinator|https://www.birkwoodvillage.com/job-opening/registered-nurse-rn-licensed-practical-nurse-lpn|https://www.birkwoodvillage.com/job-opening/rn-long-term-care|https://www.birkwoodvillage.com/job-opening/respiratory-therapist|https://www.birkwoodvillage.com/job-opening/cook-long-term-care,10,5,true,false,detailed_audit,rejected_ats_detected,Known ATS domain or embed detected on a careers/job page.
nursing_home,355066,WISHEK LIVING CENTER,WISHEK,ND,wisheklivingcenter.com,https://www.wisheklivingcenter.com/,11,https://www.wisheklivingcenter.com/employment-opportunities,https://www.wisheklivingcenter.com/employment-opportunities,1,0,false,false,map_only,rejected_insufficient_detailed_job_urls,Map found 1 provider-hosted job-detail URL(s) with a stable path; requires at least 5.
nursing_home,366404,HERITAGE OF HUDSON,HUDSON,OH,heritageofhudson.net,https://heritageofhudson.net/testimonials,11,https://heritageofhudson.net/careers-apply|https://www.heritageofhudson.net/careers,https://heritageofhudson.net/careers-apply,1,0,false,false,map_only,rejected_insufficient_detailed_job_urls,Map found 1 provider-hosted job-detail URL(s) with a stable path; requires at least 5.
nursing_home,495368,Newport Post Acute,NEWPORT NEWS,VA,newportrehabhc.com,https://newportrehabhc.com/,61,https://newportrehabhc.com/careers,,0,0,false,false,map_only,rejected_insufficient_detailed_job_urls,Map found 0 provider-hosted job-detail URL(s) with a stable path; requires at least 5.
nursing_home,055423,"MANNING GARDENS CARE CENTER, INC",FRESNO,CA,manninggardensnr.com,https://manninggardensnr.com/,4,https://manninggardensnr.com/career/enhanced-employment-application,https://manninggardensnr.com/career/enhanced-employment-application,1,0,false,false,map_only,rejected_insufficient_detailed_job_urls,Map found 1 provider-hosted job-detail URL(s) with a stable path; requires at least 5.
nursing_home,185314,Pioneer Trace Group LLC,Flemingsburg,KY,pioneertrace.com,https://www.pioneertrace.com/speech-therapy-is-not-just-for-speech-problems,2,https://www.pioneertrace.com/assisted-living-facility-careers,https://www.pioneertrace.com/assisted-living-facility-careers,1,0,false,false,map_only,rejected_insufficient_detailed_job_urls,Map found 1 provider-hosted job-detail URL(s) with a stable path; requires at least 5.
nursing_home,215228,ALTHEA WOODLAND NURSING HOME,SILVER SPRING,MD,altheawoodland.net,https://www.altheawoodland.net/,25,https://www.altheawoodland.net/careers,,0,0,false,false,map_only,rejected_insufficient_detailed_job_urls,Map found 0 provider-hosted job-detail URL(s) with a stable path; requires at least 5.
nursing_home,365316,HIGHLAND SQUARE NURSING AND REHABILITATION,AKRON,OH,highlandsquarerehabhc.com,https://highlandsquarerehabhc.com/,12,,,0,0,false,false,map_only,rejected_insufficient_detailed_job_urls,Map found 0 provider-hosted job-detail URL(s) with a stable path; requires at least 5.
nursing_home,015216,OAKVIEW MANOR HEALTH CARE CENTER,OZARK,AL,oakviewmanor.com,http://oakviewmanor.com/,2,http://oakviewmanor.com/wp-content/uploads/2018/10/Employment-Application.pdf,,0,0,false,false,map_only,rejected_insufficient_detailed_job_urls,Map found 0 provider-hosted job-detail URL(s) with a stable path; requires at least 5.
nursing_home,035292,SANDSTONE ESTATES REHAB CENTRE,TUCSON,AZ,sandstonehc.com,https://sandstonehc.com/locations/sandstone-estates/,30,https://sandstonehc.com/career/tucson|https://sandstonehc.com/career/sandstone-estates|https://sandstonehc.com/career/spring-valley|https://sandstonehc.com/career,https://sandstonehc.com/career/sandstone-estates|https://sandstonehc.com/career/spring-valley,2,0,false,false,map_only,rejected_insufficient_detailed_job_urls,Map found 2 provider-hosted job-detail URL(s) with a stable path; requires at least 5.
nursing_home,115723,SALUDE - THE ART OF RECOVERY,SUWANEE,GA,salude.com,https://www.salude.com/news/view/salude-partners-with-the-city-of-suwanee,9,https://www.salude.com/about/careers,,0,0,false,false,map_only,rejected_insufficient_detailed_job_urls,Map found 0 provider-hosted job-detail URL(s) with a stable path; requires at least 5.
nursing_home,365476,ASTORIA PLACE OF SILVERTON,CINCINNATI,OH,astoriaplaceofcambridge.org,https://astoriaplaceofcambridge.org/astoria-place-of-silverton/,0,,,0,0,false,false,map_only,rejected_insufficient_detailed_job_urls,"Firecrawl 502: {""raw"":""Bad Gateway""}"
nursing_home,375165,Broken Bow Health and Rehab,Broken Bow,OK,brokenbowhealthandrehab.com,https://brokenbowhealthandrehab.com/contact-us/,9,https://brokenbowhealthandrehab.com/careers,,0,0,false,false,map_only,rejected_insufficient_detailed_job_urls,Map found 0 provider-hosted job-detail URL(s) with a stable path; requires at least 5.
nursing_home,395638,MASONIC VILLAGE AT SEWICKLEY,SEWICKLEY,PA,masonicvillagesewickley.org,https://masonicvillagesewickley.org/enriching-life-at-masonic-village/,90,https://masonicvillagesewickley.org/careers,https://masonicvillagesewickley.org/a-picture-perfect-opportunity,1,0,false,false,map_only,rejected_insufficient_detailed_job_urls,Map found 1 provider-hosted job-detail URL(s) with a stable path; requires at least 5.
nursing_home,425419,Veteran Village,Florence,SC,hmrveteranservices.com,https://hmrveteranservices.com/locations/veteran-village-state-veterans-home/,32,https://hmrveteranservices.com/careers,,0,0,false,false,map_only,rejected_insufficient_detailed_job_urls,Map found 0 provider-hosted job-detail URL(s) with a stable path; requires at least 5.
nursing_home,435102,MONUMENT HEALTH STURGIS CARE CENTER,STURGIS,SD,monument.health,https://directory.monument.health/facility/sd/sturgis/2140-junction-avenue-8657270,242,https://monument.health/jobs/call-center-specialist-2|https://monument.health/jobs/order-specialist-home-plus|https://monument.health/careers/student-opportunities|https://monument.health/jobs/limited-radiology-tech-3|https://monument.health/jobs/talent-recruiter|https://monument.health/jobs/patient-access-specialist|https://monument.health/jobs/rn-float-pool-4|https://monument.health/jobs/transfer-center-specialist-2|https://monument.health/jobs/case-management-assistant|https://monument.health/jobs/rn-icu,https://monument.health/jobs/call-center-specialist-2|https://monument.health/jobs/order-specialist-home-plus|https://monument.health/careers/student-opportunities|https://monument.health/jobs/limited-radiology-tech-3|https://monument.health/jobs/talent-recruiter|https://monument.health/jobs/patient-access-specialist|https://monument.health/jobs/rn-float-pool-4|https://monument.health/jobs/transfer-center-specialist-2|https://monument.health/jobs/case-management-assistant|https://monument.health/jobs/clinical-dietitian-north-10th-street-clinic-as-needed|https://monument.health/jobs/respiratory-therapist-rrt|https://monument.health/jobs/nurse-aide|https://monument.health/jobs/rn-behavioral-health|https://monument.health/jobs/physical-therapist-assistant-or-physical-therapist|https://monument.health/careers/physicians|https://monument.health/careers/advanced-practice-providers|https://monument.health/jobs/rn-pain-management-4|https://monument.health/jobs/certified-or-non-certified-nurse-aide-long-term-care|https://gear.monument.health/products/mh-sticker-caregiving-like-its-my-job|https://monument.health/career-sitemap.xml|https://monument.health/job-sitemap.xml|https://monument.health/magazine-article/cover-story-turning-tragedy-into-opportunity,22,5,true,false,detailed_audit,rejected_ats_detected,Known ATS domain or embed detected on a careers/job page.
nursing_home,445465,MAGNOLIA HEALTHCARE AND REHABILITATION CENTER,COLUMBIA,TN,magnoliahcrehab.com,https://magnoliahcrehab.com/testimonials/,248,https://magnoliahcrehab.com/about/job-opportunities,https://magnoliahcrehab.com/about/job-opportunities|https://magnoliahcrehab.com/2026/08/01/incredibili-opportunita-di-vincita-grazie-a-kin|https://magnoliahcrehab.com/2026/08/01/incredibili-opportunita-di-vincita-grazie-a-kinbet-2|https://magnoliahcrehab.com/2026/08/01/lucrative-opportunities-and-aviator-predictor-apk,4,0,false,false,map_only,rejected_insufficient_detailed_job_urls,Map found 4 provider-hosted job-detail URL(s) with a stable path; requires at least 5.
nursing_home,165532,"Gracewell, An Eventide Community",Denison,IA,eventidehome.com,https://www.eventidehome.com/living-options/skilled-nursing/,242,https://www.eventidehome.com/application-for-employment|https://www.eventidehome.com/tag/healthcare-careers,https://www.eventidehome.com/tag/healthcare-careers,1,0,false,false,map_only,rejected_insufficient_detailed_job_urls,Map found 1 provider-hosted job-detail URL(s) with a stable path; requires at least 5.
nursing_home,155228,WILLOWS OF RICHMOND,RICHMOND,IN,willowshealthcare.com,https://www.willowshealthcare.com/location/willows-of-richmond,228,https://www.willowshealthcare.com/careers|https://www.willowshealthcare.com/blog/encore-career-options|https://www.willowshealthcare.com/blog/what-home-health-aide-career-guide|https://www.willowshealthcare.com/blog/personal-care-assistant-job-description,https://www.willowshealthcare.com/blog/encore-career-options|https://www.willowshealthcare.com/blog/what-home-health-aide-career-guide|https://www.willowshealthcare.com/blog/personal-care-assistant-job-description,3,0,false,false,map_only,rejected_insufficient_detailed_job_urls,Map found 3 provider-hosted job-detail URL(s) with a stable path; requires at least 5.
nursing_home,175521,THE WHEATLANDS HEALTH CARE CENTER,KINGMAN,KS,wheatlands.org,https://wheatlands.org/,50,https://wheatlands.org/jobs/registered-nurse|https://wheatlands.org/jobs/cma-cna|https://wheatlands.org/job-openings|https://wheatlands.org/employment-application|https://wheatlands.org/employment|https://wheatlands.org/jobs/dietary-aide|https://wheatlands.org/job-type/full-time|https://wheatlands.org/job-type/part-time|https://wheatlands.org/job-category/cma-cna|https://wheatlands.org/job-category/dietary-aide,https://wheatlands.org/jobs/registered-nurse|https://wheatlands.org/job-openings|https://wheatlands.org/jobs/dietary-aide|https://wheatlands.org/job-type/full-time|https://wheatlands.org/job-type/part-time|https://wheatlands.org/job-category/dietary-aide|https://wheatlands.org/job-category/registered-nurse,7,5,false,true,detailed_audit,rejected_jobposting_detected,JSON-LD JobPosting detected on the sampled careers/job pages.
nursing_home,225398,DEVEREUX SKILLED NURSING & REHABILITATION CENTER,MARBLEHEAD,MA,devereuxnh.com,http://www.devereuxnh.com/,24,http://www.devereuxnh.com/nursing-home-careers,http://www.devereuxnh.com/nursing-home-careers,1,0,false,false,map_only,rejected_insufficient_detailed_job_urls,Map found 1 provider-hosted job-detail URL(s) with a stable path; requires at least 5.
nursing_home,205006,Montello Manor,LEWISTON,ME,montellomanor.com,https://montellomanor.com/,8,https://montellomanor.com/careers,,0,0,false,false,map_only,rejected_insufficient_detailed_job_urls,Map found 0 provider-hosted job-detail URL(s) with a stable path; requires at least 5.
nursing_home,345212,Bethesda Health Care Facility,Eastover,NC,bethesdahealthcarefacility.net,https://www.bethesdahealthcarefacility.net/,21,,,0,0,false,false,map_only,rejected_insufficient_detailed_job_urls,Map found 0 provider-hosted job-detail URL(s) with a stable path; requires at least 5.
nursing_home,395720,"HOMESTEAD VILLAGE, INC",LANCASTER,PA,homesteadvillage.org,https://www.homesteadvillage.org/news/genesis-rehabilitation-now-powerback/,200,https://www.homesteadvillage.org/blog/apostles-center-for-care-additions-on-schedule-for-july-opening|https://www.homesteadvillage.org/job-opportunities-homestead-village,https://www.homesteadvillage.org/blog/apostles-center-for-care-additions-on-schedule-for-july-opening|https://www.homesteadvillage.org/job-opportunities-homestead-village|https://www.homesteadvillage.org/health-wellness/fitness-opportunities|https://www.homesteadvillage.org/blog/a-sampling-of-our-educational-opportunities-at-homestead-village,4,0,false,false,map_only,rejected_insufficient_detailed_job_urls,Map found 4 provider-hosted job-detail URL(s) with a stable path; requires at least 5.
nursing_home,505470,COLUMBIA LUTHERAN HOME,SEATTLE,WA,columbialutheranhome.org,https://columbialutheranhome.org/careers/,92,https://columbialutheranhome.org/test-careers|https://columbialutheranhome.org/jobs|https://columbialutheranhome.org/careers,https://columbialutheranhome.org/test-careers,1,0,false,false,map_only,rejected_insufficient_detailed_job_urls,Map found 1 provider-hosted job-detail URL(s) with a stable path; requires at least 5.
nursing_home,075374,MONSIGNOR BOJNOWSKI MANOR,NEW BRITAIN,CT,mbmanor.org,https://www.mbmanor.org/,24,https://www.mbmanor.org/careers|https://www.mbmanor.org/job-opportunities,https://www.mbmanor.org/job-opportunities,1,0,false,false,map_only,rejected_insufficient_detailed_job_urls,Map found 1 provider-hosted job-detail URL(s) with a stable path; requires at least 5.
nursing_home,115684,SENIOR CARE CENTER - ST MARYS,SAINT MARYS,GA,stmaryskc.com,https://stmaryskc.com/our-services/senior-care-services/,206,https://stmaryskc.com/careers|https://stmaryskc.com/careers/contact-form|https://stmaryskc.com/st-marys-medical-center-reopening-plan|https://stmaryskc.com/join-us-at-starbucks,https://stmaryskc.com/careers/contact-form|https://stmaryskc.com/st-marys-medical-center-reopening-plan,2,0,false,false,map_only,rejected_insufficient_detailed_job_urls,Map found 2 provider-hosted job-detail URL(s) with a stable path; requires at least 5.
nursing_home,185276,"LORETTO LIVING CENTER AT LORETTO MOTHERHOUSE, INC",Nerinx,KY,lorettocommunity.org,https://www.lorettocommunity.org/about/motherhouse/loretto-living-center/,225,https://www.lorettocommunity.org/vatican-synod-is-opening-the-door-a-bit-wider-for-catholic-women-%e2%88%92-but-theyve-been-knocking-for-more-than-100-years|https://www.lorettocommunity.org/get-involved/jobs|https://www.lorettocommunity.org/join-us/co-members/faqs,https://www.lorettocommunity.org/get-involved/loretto-justice-fellowship/partners-and-positions|https://www.lorettocommunity.org/vatican-synod-is-opening-the-door-a-bit-wider-for-catholic-women-%e2%88%92-but-theyve-been-knocking-for-more-than-100-years,2,0,false,false,map_only,rejected_insufficient_detailed_job_urls,Map found 2 provider-hosted job-detail URL(s) with a stable path; requires at least 5.
nursing_home,235269,Wellspring Lutheran Services,Frankenmuth,MI,wellspringlutheran.com,https://wellspringlutheran.com/component/mymaplocations/frankenmuth-campus?Itemid=101,99,https://wellspringlutheran.com/careers,,0,0,false,false,map_only,rejected_insufficient_detailed_job_urls,Map found 0 provider-hosted job-detail URL(s) with a stable path; requires at least 5.
nursing_home,445077,CHRISTIAN CARE CENTER OF UNICOI COUNTY,ERWIN,TN,unicoicounty.org,https://unicoicounty.org/directory/christian-care-center-of-unicoi-county/,21,,,0,0,false,false,map_only,rejected_insufficient_detailed_job_urls,Map found 0 provider-hosted job-detail URL(s) with a stable path; requires at least 5.
nursing_home,495386,Daleville Health and Rehabilitation,DALEVILLE,VA,dalevillehr.com,https://dalevillehr.com/,13,https://dalevillehr.com/careers,,0,0,false,false,map_only,rejected_insufficient_detailed_job_urls,Map found 0 provider-hosted job-detail URL(s) with a stable path; requires at least 5.
nursing_home,165549,Accura Healthcare of Ottumwa,Ottumwa,IA,accura.healthcare,https://accura.healthcare/ottumwa/,142,https://accura.healthcare/careers,,0,0,false,false,map_only,rejected_insufficient_detailed_job_urls,Map found 0 provider-hosted job-detail URL(s) with a stable path; requires at least 5.
nursing_home,155519,GENTLE CARE STRATEGIES,VINCENNES,IN,thestrategies.net,https://www.thestrategies.net/care-stragies,12,,,0,0,false,false,map_only,rejected_insufficient_detailed_job_urls,Map found 0 provider-hosted job-detail URL(s) with a stable path; requires at least 5.
nursing_home,225503,"PAVILION , THE",HYANNIS,MA,pavilionnsg.com,https://www.pavilionnsg.com/our-center,25,https://www.pavilionnsg.com/careers|https://www.pavilionnsg.com/s/Pavilion-Employment-Application.pdf,,0,0,false,false,map_only,rejected_insufficient_detailed_job_urls,Map found 0 provider-hosted job-detail URL(s) with a stable path; requires at least 5.
nursing_home,21E104,ST. JOSEPH'S  NURSING  HOME,CATONSVILLE,MD,stjosephs.net,https://stjosephs.net/,82,https://stjosephs.net/employment-opportunities,https://stjosephs.net/employment-opportunities,1,0,false,false,map_only,rejected_insufficient_detailed_job_urls,Map found 1 provider-hosted job-detail URL(s) with a stable path; requires at least 5.
nursing_home,245588,ST WILLIAMS LIVING CENTER,PARKERS PRAIRIE,MN,stwilliamslivingcenter.com,https://stwilliamslivingcenter.com/,162,https://stwilliamslivingcenter.com/category/employment|https://stwilliamslivingcenter.com/employment-application|https://stwilliamslivingcenter.com/weve-remodeled-join-us-for-a-grand-opening-event|https://stwilliamslivingcenter.com/careers|https://stwilliamslivingcenter.com/what-are-registered-nurses-5-facts-about-this-amazing-career,https://stwilliamslivingcenter.com/weve-remodeled-join-us-for-a-grand-opening-event|https://stwilliamslivingcenter.com/portfolio/success-is-not-to-be-measured-by-the-position-someone-has-reached-in-life|https://stwilliamslivingcenter.com/success-is-not-to-be-measured-by-the-position-someone-has-reached-in-life-but-the-obstacles-he-has-overcome|https://stwilliamslivingcenter.com/what-are-registered-nurses-5-facts-about-this-amazing-career,4,0,false,false,map_only,rejected_insufficient_detailed_job_urls,Map found 4 provider-hosted job-detail URL(s) with a stable path; requires at least 5.
nursing_home,355116,PARKSIDE LUTHERAN HOME,LISBON,ND,parksidelutheranhome.com,https://parksidelutheranhome.com/,40,https://parksidelutheranhome.com/jobs/nurse-lpn|https://parksidelutheranhome.com/employment-application|https://parksidelutheranhome.com/jobs/cna-morning-and-evening-shifts|https://parksidelutheranhome.com/jobs/nurse-rn|https://parksidelutheranhome.com/careers|https://parksidelutheranhome.com/job-type/full-time|https://parksidelutheranhome.com/job-type/part-time|https://parksidelutheranhome.com/job-location/lisbon|https://parksidelutheranhome.com/job-location/nd,https://parksidelutheranhome.com/jobs/nurse-lpn|https://parksidelutheranhome.com/jobs/cna-morning-and-evening-shifts|https://parksidelutheranhome.com/jobs/nurse-rn|https://parksidelutheranhome.com/job-type/full-time|https://parksidelutheranhome.com/job-type/part-time,5,5,false,true,detailed_audit,rejected_jobposting_detected,JSON-LD JobPosting detected on the sampled careers/job pages.
nursing_home,335833,Jefferson's Ferry,South Setauket,NY,jeffersonsferry.org,https://www.jeffersonsferry.org/blog/1-in-new-york-by-newsweek,174,https://www.jeffersonsferry.org/careers,,0,0,false,false,map_only,rejected_insufficient_detailed_job_urls,Map found 0 provider-hosted job-detail URL(s) with a stable path; requires at least 5.
nursing_home,375327,Heartway at Colonial Park Health and Rehab,OKEMAH,OK,heartway.org,https://www.heartway.org/colonial-park-manor.html,21,https://www.heartway.org/careers.html,https://www.heartway.org/careers.html,1,0,false,false,map_only,rejected_insufficient_detailed_job_urls,Map found 1 provider-hosted job-detail URL(s) with a stable path; requires at least 5.
nursing_home,105770,TRI-COUNTY NURSING HOME,TRENTON,FL,tricountynh.org,https://tricountynh.org/,1,,,0,0,false,false,map_only,rejected_insufficient_detailed_job_urls,Map found 0 provider-hosted job-detail URL(s) with a stable path; requires at least 5.
nursing_home,175487,HOMESTEAD HEALTH CENTER,WICHITA,KS,homesteadhealthcenter.org,https://www.homesteadhealthcenter.org/,13,https://www.homesteadhealthcenter.org/careers,,0,0,false,false,map_only,rejected_insufficient_detailed_job_urls,Map found 0 provider-hosted job-detail URL(s) with a stable path; requires at least 5.
nursing_home,315069,TOWER LODGE CARE CENTER,WALL,NJ,towerlodgecare.blog,https://www.towerlodgecare.blog/,249,https://www.towerlodgecare.blog/join-us-for-our-eleventh-annual-family-fun-day,,0,0,false,false,map_only,rejected_insufficient_detailed_job_urls,Map found 0 provider-hosted job-detail URL(s) with a stable path; requires at least 5.
nursing_home,245259,Luther Haven,MONTEVIDEO,MN,lutherhaven-mn.org,https://www.lutherhaven-mn.org/about-us,8,https://www.lutherhaven-mn.org/careers,,0,0,false,false,map_only,rejected_insufficient_detailed_job_urls,Map found 0 provider-hosted job-detail URL(s) with a stable path; requires at least 5.
nursing_home,335269,The Wartburg Home,Mount Vernon,NY,wartburg.org,https://wartburg.org/wartburg-named-one-of-americas-best-nursing-homes-by-newsweek-for-2026/,222,https://wartburg.org/about-wartburg/careers|https://wartburg.org/opening-of-31-million-rehabilitation-adult-day-care-center-of-excellence-marks-new-milestone-for-wartburg|https://wartburg.org/about-wartburg/careers/signup-for-job-alerts|https://wartburg.org/grand-opening-wartburgs-new-memory-care-center-tuesday-april-30|https://wartburg.org/ribbon-cutting-ceremony-celebrates-opening-of-wartburg-outpatient-rehabilitation-clinic|https://wartburg.org/job/licensed-practical-nurse-part-time,https://wartburg.org/opening-of-31-million-rehabilitation-adult-day-care-center-of-excellence-marks-new-milestone-for-wartburg|https://wartburg.org/about-wartburg/careers/signup-for-job-alerts|https://wartburg.org/grand-opening-wartburgs-new-memory-care-center-tuesday-april-30|https://wartburg.org/ribbon-cutting-ceremony-celebrates-opening-of-wartburg-outpatient-rehabilitation-clinic|https://wartburg.org/job/licensed-practical-nurse-part-time|https://wartburg.org/events/category/sponsorship-opportunity|https://wartburg.org/clinical-pastoral-education-opportunities-available-at-wartburg|https://wartburg.org/ms-eileen-clayton-has-been-appointed-by-wartburg-to-the-position-of-home-care-administrator,8,0,false,false,detailed_audit,audit_error,"Firecrawl 502: {""raw"":""Bad Gateway""}"
nursing_home,366097,FULTON MANOR NURSING & REHAB C,WAUSEON,OH,fultoncountyhealthcenter.org,https://fultoncountyhealthcenter.org/services/fulton-manor/,231,https://fultoncountyhealthcenter.org/careers|http://fultoncountyhealthcenter.org/wp-content/uploads/2026/06/Privacy-Notice-Job-Applicants.pdf,http://fultoncountyhealthcenter.org/wp-content/uploads/2026/06/Privacy-Notice-Job-Applicants.pdf,1,0,false,false,map_only,rejected_insufficient_detailed_job_urls,Map found 1 provider-hosted job-detail URL(s) with a stable path; requires at least 5.
nursing_home,555825,SAN MARINO HEALTHCARE CENTER,SAN GABRIEL,CA,sanmarinohc.com,https://sanmarinohc.com/,25,,,0,0,false,false,map_only,rejected_insufficient_detailed_job_urls,Map found 0 provider-hosted job-detail URL(s) with a stable path; requires at least 5.
nursing_home,105472,VILLAGE ON THE ISLE,VENICE,FL,villageontheisle.com,https://www.villageontheisle.com/health-services/skilled-nursing,90,https://villageontheisle.com/careers|https://www.villageontheisle.com/careers,,0,0,false,false,map_only,rejected_insufficient_detailed_job_urls,Map found 0 provider-hosted job-detail URL(s) with a stable path; requires at least 5.
nursing_home,215372,EDENWALD,TOWSON,MD,edenwald.org,https://www.edenwald.org/health-care-assisted-living/memory-care/,20,https://www.edenwald.org/about/employment,,0,0,false,false,map_only,rejected_insufficient_detailed_job_urls,Map found 0 provider-hosted job-detail URL(s) with a stable path; requires at least 5.
nursing_home,265680,OAK KNOLL SKILLED NURSING & REHABILITATION CENTER,FERGUSON,MO,oakknoll.care,https://oakknoll.care/,14,,,0,0,false,false,map_only,rejected_insufficient_detailed_job_urls,Map found 0 provider-hosted job-detail URL(s) with a stable path; requires at least 5.
nursing_home,355051,HATTON PRAIRIE VILLAGE,HATTON,ND,hattonprairievillage.com,https://hattonprairievillage.com/quality-care/,19,https://hattonprairievillage.com/employment-opportunities|https://hattonprairievillage.com/interest-in-employment,https://hattonprairievillage.com/employment-opportunities,1,0,false,false,map_only,rejected_insufficient_detailed_job_urls,Map found 1 provider-hosted job-detail URL(s) with a stable path; requires at least 5.
nursing_home,285163,Hilltop Estates,Gothenburg,NE,hilltopestatesgothenburg.com,https://www.hilltopestatesgothenburg.com/about-us,10,https://www.hilltopestatesgothenburg.com/employment-application,,0,0,false,false,map_only,rejected_insufficient_detailed_job_urls,Map found 0 provider-hosted job-detail URL(s) with a stable path; requires at least 5.
nursing_home,375528,SENIOR SUITES HEALTHCARE,BROKEN ARROW,OK,seniorlivingnearme.org,https://www.seniorlivingnearme.org/assisted-living/oklahoma/broken-arrow.html,239,,,0,0,false,false,map_only,rejected_insufficient_detailed_job_urls,Map found 0 provider-hosted job-detail URL(s) with a stable path; requires at least 5.
nursing_home,075383,SEABURY,BLOOMFIELD,CT,seaburylife.org,https://seaburylife.org/care-services/homecare/,136,https://seaburylife.org/resources/employment|https://seaburylife.org/tiles/career-center,https://seaburylife.org/tiles/career-center|https://seaburylife.org/community-2-2/educational-opportunities,2,0,false,false,map_only,rejected_insufficient_detailed_job_urls,Map found 2 provider-hosted job-detail URL(s) with a stable path; requires at least 5.
nursing_home,105720,MAYFLOWER HEALTHCARE CENTER,WINTER PARK,FL,themayflower.com,https://www.themayflower.com/news/honored-for-excellence-mayflower-healthcare-center-earns-gold-seal,211,https://www.themayflower.com/careers,,0,0,false,false,map_only,rejected_insufficient_detailed_job_urls,Map found 0 provider-hosted job-detail URL(s) with a stable path; requires at least 5.
nursing_home,215259,PICKERSGILL RETIREMENT COMMUNITY,TOWSON,MD,pickersgillretirement.org,https://pickersgillretirement.org/infokit-il/,101,https://pickersgillretirement.org/careers/application-for-employment|https://pickersgillretirement.org/careers,https://pickersgillretirement.org/careers/application-for-employment,1,0,false,false,map_only,rejected_insufficient_detailed_job_urls,Map found 1 provider-hosted job-detail URL(s) with a stable path; requires at least 5.
nursing_home,345431,Bryan Health and Rehab,Scotland Neck,NC,bryanhealthandrehab.com,https://www.bryanhealthandrehab.com/,7,,,0,0,false,false,map_only,rejected_insufficient_detailed_job_urls,Map found 0 provider-hosted job-detail URL(s) with a stable path; requires at least 5.
nursing_home,305030,MAPLE LEAF HEALTH CARE CENTER,MANCHESTER,NH,mapleleafhcc.com,https://mapleleafhcc.com/our-new-hampshire-nursing-home/,136,https://mapleleafhcc.com/careers,,0,0,false,false,map_only,rejected_insufficient_detailed_job_urls,Map found 0 provider-hosted job-detail URL(s) with a stable path; requires at least 5.
nursing_home,495425,THE REHAB CENTER AT BRISTOL,BRISTOL,VA,rehabcenteratbristol.com,https://rehabcenteratbristol.com/news/,26,,,0,0,false,false,map_only,rejected_insufficient_detailed_job_urls,Map found 0 provider-hosted job-detail URL(s) with a stable path; requires at least 5.
nursing_home,555144,ST. PAULS HEALTH CARE CENTER,SAN DIEGO,CA,stpaulspace.org,https://www.stpaulspace.org/es/hacer-una-referencia/,169,https://www.stpaulspace.org/about/pace-careers|https://www.stpaulspace.org/our-careers,https://www.stpaulspace.org/about/pace-careers|https://www.stpaulspace.org/our-careers,2,0,false,false,map_only,rejected_insufficient_detailed_job_urls,Map found 2 provider-hosted job-detail URL(s) with a stable path; requires at least 5.
nursing_home,16E277,Story Medical Senior Care,Nevada,IA,storymedical.org,https://www.storymedical.org/about-us/news/story-medical-breaks-ground-on-new-senior-care,235,https://www.storymedical.org/careers/careers-faq|https://www.storymedical.org/careers/benefits-at-story-medical|https://www.storymedical.org/careers/job-shadow-request-form|https://www.storymedical.org/about-us/news/considering-a-career-in-healthcare-choose-story-medical,https://www.storymedical.org/careers/careers-faq|https://www.storymedical.org/careers/benefits-at-story-medical|https://www.storymedical.org/careers/job-shadow-request-form|https://www.storymedical.org/about-us/news/considering-a-career-in-healthcare-choose-story-medical,4,0,false,false,map_only,rejected_insufficient_detailed_job_urls,Map found 4 provider-hosted job-detail URL(s) with a stable path; requires at least 5.
nursing_home,155210,WILLOWS OF GREENSBURG,GREENSBURG,IN,willowshealthcare.com,https://www.willowshealthcare.com/services/medical-services,228,https://www.willowshealthcare.com/careers|https://www.willowshealthcare.com/blog/encore-career-options|https://www.willowshealthcare.com/blog/what-home-health-aide-career-guide|https://www.willowshealthcare.com/blog/personal-care-assistant-job-description,https://www.willowshealthcare.com/blog/encore-career-options|https://www.willowshealthcare.com/blog/what-home-health-aide-career-guide|https://www.willowshealthcare.com/blog/personal-care-assistant-job-description,3,0,false,false,map_only,rejected_insufficient_detailed_job_urls,Map found 3 provider-hosted job-detail URL(s) with a stable path; requires at least 5.
nursing_home,395563,Morrisons Cove Home,MARTINSBURG,PA,villageatmorrisonscove.org,https://villageatmorrisonscove.org/,46,https://villageatmorrisonscove.org/careers,,0,0,false,false,map_only,rejected_insufficient_detailed_job_urls,Map found 0 provider-hosted job-detail URL(s) with a stable path; requires at least 5.
nursing_home,345413,Fleshers Fairview Health Care,Fairview,NC,fleshers.net,https://www.fleshers.net/medical-care,11,https://www.fleshers.net/employment,,0,0,false,false,map_only,rejected_insufficient_detailed_job_urls,Map found 0 provider-hosted job-detail URL(s) with a stable path; requires at least 5.
nursing_home,065144,GUNNISON VALLEY HEALTH SENIOR CARE CENTER,GUNNISON,CO,gunnisonvalleyhealth.org,https://www.gunnisonvalleyhealth.org/news/2024/december/gunnison-valley-health-senior-care-center-achiev/,200,https://www.gunnisonvalleyhealth.org/careers/nursing-jobs|https://www.gunnisonvalleyhealth.org/careers|https://www.gunnisonvalleyhealth.org/careers/about-us|https://www.gunnisonvalleyhealth.org/careers/benefits|https://www.gunnisonvalleyhealth.org/video-center/careers|https://www.gunnisonvalleyhealth.org/careers/living-in-the-gunnison-valley|https://www.gunnisonvalleyhealth.org/news/2025/april/minority-health-month-opening-doors-one-conversa,https://www.gunnisonvalleyhealth.org/careers/nursing-jobs|https://www.gunnisonvalleyhealth.org/careers/about-us|https://www.gunnisonvalleyhealth.org/careers/benefits|https://www.gunnisonvalleyhealth.org/careers/living-in-the-gunnison-valley|https://www.gunnisonvalleyhealth.org/news/2025/april/minority-health-month-opening-doors-one-conversa|https://www.gunnisonvalleyhealth.org/our-services/paramedics/seconds-save-lives/naming-opportunities,6,5,true,false,detailed_audit,rejected_ats_detected,Known ATS domain or embed detected on a careers/job page.
nursing_home,245447,Sacred Heart Care Center,AUSTIN,MN,sacredhcc.org,https://sacredhcc.org/,25,https://sacredhcc.org/careers,,0,0,false,false,map_only,rejected_insufficient_detailed_job_urls,Map found 0 provider-hosted job-detail URL(s) with a stable path; requires at least 5.
nursing_home,265878,COPPER ROCK HEALTHCARE,ROGERSVILLE,MO,willowhealthcare.com,https://www.willowhealthcare.com/communities/copper-rock-village/,30,https://www.willowhealthcare.com/about-us/careers,,0,0,false,false,map_only,rejected_insufficient_detailed_job_urls,Map found 0 provider-hosted job-detail URL(s) with a stable path; requires at least 5.
nursing_home,375460,"Montereau, Inc.",Tulsa,OK,montereau.net,https://www.montereau.net/contact,228,https://www.montereau.net/careers,https://www.montereau.net/blog/rewarding-life-experiences-discover-local-mentoring-and-volunteering-opportunities-in-tulsa,1,0,false,false,map_only,rejected_insufficient_detailed_job_urls,Map found 1 provider-hosted job-detail URL(s) with a stable path; requires at least 5.
nursing_home,225781,Seven Hills Pediatric Center,GROTON,MA,sevenhills.org,https://www.sevenhills.org/programs/seven-hills-pediatric-center,216,https://www.sevenhills.org/ricareers|https://www.sevenhills.org/careers/career-opportunities|https://www.sevenhills.org/programs/employment-matters|https://www.sevenhills.org/new-hampshire/paraeducator-jobs|https://www.sevenhills.org/whats-happening/workforce-readiness-and-employment|https://www.sevenhills.org/careers|https://www.sevenhills.org/careers/career-paths|https://www.sevenhills.org/careers/direct-care-professional-opportunities|https://www.sevenhills.org/whats-happening/rewarding-careers|https://www.sevenhills.org/programs/center-for-childcare-careers,https://www.sevenhills.org/ricareers|https://www.sevenhills.org/careers/career-opportunities|https://www.sevenhills.org/new-hampshire/paraeducator-jobs|https://www.sevenhills.org/careers/career-paths|https://www.sevenhills.org/careers/direct-care-professional-opportunities|https://www.sevenhills.org/whats-happening/rewarding-careers|https://www.sevenhills.org/programs/center-for-childcare-careers|https://www.sevenhills.org/new-hampshire/crotched-mountain-school-job-opportunities|https://www.sevenhills.org/programs/job-placement-development|https://www.sevenhills.org/programs/career-pathways|https://www.sevenhills.org/whats-happening/healthcare-career-fair|https://www.sevenhills.org/whats-happening/what-its-like-to-build-a-meaningful-career-at-seven-hills|https://www.sevenhills.org/whats-happening/congratulations-to-graduates-of-the-human-services-career-support-program|https://www.sevenhills.org/whats-happening/inspiring-career-and-leadership-goals-through-a-continuum-of-academic-supports,14,5,true,false,detailed_audit,rejected_ats_detected,Known ATS domain or embed detected on a careers/job page.
nursing_home,115592,COUNTRYSIDE POST ACUTE,BUCHANAN,GA,countryside.health,https://countryside.health/,6,https://countryside.health/careers,,0,0,false,false,map_only,rejected_insufficient_detailed_job_urls,Map found 0 provider-hosted job-detail URL(s) with a stable path; requires at least 5.
nursing_home,185332,Harrison Nursing and Rehabilitation Center,Cynthiana,KY,harrisonnursingandrehab.com,https://www.harrisonnursingandrehab.com/,84,,,0,0,false,false,map_only,rejected_insufficient_detailed_job_urls,Map found 0 provider-hosted job-detail URL(s) with a stable path; requires at least 5.
nursing_home,335685,PALATINE NURSING HOME,PALATINE BRIDGE,NY,palatinenh.com,https://www.palatinenh.com/contact-us,11,https://www.palatinenh.com/employment,,0,0,false,false,map_only,rejected_insufficient_detailed_job_urls,Map found 0 provider-hosted job-detail URL(s) with a stable path; requires at least 5.
nursing_home,365370,MOMENTOUS HEALTH AT RICHFIELD,RICHFIELD,OH,momentousrich.com,https://momentousrich.com/about-us/,10,https://momentousrich.com/careers,,0,0,false,false,map_only,rejected_insufficient_detailed_job_urls,Map found 0 provider-hosted job-detail URL(s) with a stable path; requires at least 5.
nursing_home,165172,Briarwood Healthcare Center,Iowa City,IA,iowahealthcare.org,https://iowahealthcare.org/directory/briarwood-health-care-center/,218,https://iowahealthcare.org/careers|https://iowahealthcare.org/careers/for-job-seekers/find-a-job|https://iowahealthcare.org/careers/for-job-seekers|https://iowahealthcare.org/health-services-careers|https://iowahealthcare.org/food-services-careers|https://iowahealthcare.org/careers/for-employers|https://iowahealthcare.org/job/medical-billing-specialist|https://iowahealthcare.org/job/nursing-home-administrator-long-term-care-7|https://iowahealthcare.org/job/director-of-nursing-rn-long-term-care-13|https://iowahealthcare.org/job/floor-nurse-rn,https://iowahealthcare.org/careers/for-job-seekers/find-a-job|https://iowahealthcare.org/careers/for-job-seekers|https://iowahealthcare.org/health-services-careers|https://iowahealthcare.org/food-services-careers|https://iowahealthcare.org/careers/for-employers|https://iowahealthcare.org/job/medical-billing-specialist|https://iowahealthcare.org/job/nursing-home-administrator-long-term-care-7|https://iowahealthcare.org/job/director-of-nursing-rn-long-term-care-13|https://iowahealthcare.org/job/floor-nurse-rn|https://iowahealthcare.org/job/assistant-director-of-nursing-3|https://iowahealthcare.org/job/director-of-nursing-rn|https://iowahealthcare.org/job/nursing-home-administrator-long-term-care-11|https://iowahealthcare.org/job/nursing-home-administrator-long-term-care-10|https://iowahealthcare.org/job/assistant-director-of-nursing-2|https://iowahealthcare.org/job/director-of-nursing-12|https://iowahealthcare.org/job/executive-director-accura-healthcare-of-toledo|https://iowahealthcare.org/job/adon-mds-coordinator-2|https://iowahealthcare.org/job/wellness-director|https://iowahealthcare.org/job/nurse-ft-prn|https://iowahealthcare.org/job/occupational-therapist-full-time-west-point-mount-pleasant-mediapolis-and-wayland|https://iowahealthcare.org/job/physical-therapist-full-time-mount-pleasant-west-point-and-wayland|https://iowahealthcare.org/job/physical-therapist-full-time-manson-holstein-and-wall-lake|https://iowahealthcare.org/job/nursing-home-administrator-long-term-care-9|https://iowahealthcare.org/job/nursing-home-administrator-long-term-care-8|https://iowahealthcare.org/job/administrator-3,73,2,false,false,detailed_audit,rejected_job_pages_not_detailed,Only 2/5 sampled URLs contained a detailed job description.
nursing_home,455862,Coral Rehabilitation and Nursing of Austin,Austin,TX,austinrnc.com,https://austinrnc.com/,2,,,0,0,false,false,map_only,rejected_insufficient_detailed_job_urls,Map found 0 provider-hosted job-detail URL(s) with a stable path; requires at least 5.
nursing_home,075378,LIVEWELL CONNECTICUT,PLANTSVILLE,CT,livewell.org,https://livewell.org/locations-southington-ct-plantsville-memory-care-specialists/,221,https://livewell.org/finger-clinic-grand-opening-event|https://livewell.org/intergenerational-opening-minds-through-arts-oma-program|https://livewell.org/career-opportunities,https://livewell.org/finger-clinic-grand-opening-event|https://livewell.org/intergenerational-opening-minds-through-arts-oma-program|https://livewell.org/career-opportunities,3,0,false,false,map_only,rejected_insufficient_detailed_job_urls,Map found 3 provider-hosted job-detail URL(s) with a stable path; requires at least 5.
nursing_home,235669,Maple Manor Rehab Center of Novi Inc,Novi,MI,maplemanorrehab.com,https://maplemanorrehab.com/locations/novi-community/,57,https://maplemanorrehab.com/careers|https://modx.maplemanorrehab.com/careers|https://maplemanorrehab.com/careers/nurses-rn-lpn|https://maplemanorrehab.com/careers/certified-nursing-assistant|https://maplemanorrehab.com/career/career-institute|https://maplemanorrehab.com/career/immigration-sponsorship|https://maplemanorrehab.com/career,https://maplemanorrehab.com/careers/nurses-rn-lpn|https://maplemanorrehab.com/careers/certified-nursing-assistant|https://maplemanorrehab.com/career/career-institute|https://maplemanorrehab.com/career/immigration-sponsorship,4,0,false,false,map_only,rejected_insufficient_detailed_job_urls,Map found 4 provider-hosted job-detail URL(s) with a stable path; requires at least 5.
nursing_home,355057,PEMBILIER NURSING CENTER,WALHALLA,ND,pembiliernursingcenter.com,https://pembiliernursingcenter.com/frequently-asked-questions/,52,https://pembiliernursingcenter.com/jobs/housekeeping-aide|https://pembiliernursingcenter.com/jobs/dietary-aide|https://pembiliernursingcenter.com/jobs/dietary-cook|https://pembiliernursingcenter.com/employment-application|https://pembiliernursingcenter.com/careers|https://pembiliernursingcenter.com/jobs|https://pembiliernursingcenter.com/jobs/registered-nurse|https://pembiliernursingcenter.com/jobs/certified-nursing-assistant|https://pembiliernursingcenter.com/job-location/500-delano-ave-walhalla-nd-58282|https://pembiliernursingcenter.com/job-type/flex-time,https://pembiliernursingcenter.com/jobs/housekeeping-aide|https://pembiliernursingcenter.com/jobs/dietary-aide|https://pembiliernursingcenter.com/jobs/dietary-cook|https://pembiliernursingcenter.com/jobs/registered-nurse|https://pembiliernursingcenter.com/jobs/certified-nursing-assistant|https://pembiliernursingcenter.com/job-location/500-delano-ave-walhalla-nd-58282|https://pembiliernursingcenter.com/job-type/flex-time|https://pembiliernursingcenter.com/job-type/full-time|https://pembiliernursingcenter.com/job-type/part-time|https://pembiliernursingcenter.com/job-type/temporary|https://pembiliernursingcenter.com/job-category/dietary-aide|https://pembiliernursingcenter.com/job-category/dietary-cook|https://pembiliernursingcenter.com/job-category/housekeeping-aide|https://pembiliernursingcenter.com/job-category/registered-nurse,14,5,false,true,detailed_audit,rejected_jobposting_detected,JSON-LD JobPosting detected on the sampled careers/job pages.
nursing_home,285283,Eventide Crete,Crete,NE,eventide.org,https://eventide.org/crete-ne/,100,https://eventide.org/about/careers,,0,0,false,false,map_only,rejected_insufficient_detailed_job_urls,Map found 0 provider-hosted job-detail URL(s) with a stable path; requires at least 5.
nursing_home,235352,Cass County Medical Care Facility,Cassopolis,MI,cassfamilyclinic.org,https://cassfamilyclinic.org/2025/08/,65,https://cassfamilyclinic.org/careers|https://cassfamilyclinic.org/job-openings|https://cassfamilyclinic.org/jobs/physician|https://cassfamilyclinic.org/cass-family-clinics-summer-greeter-program-provides-paid-job-opportunities-to-local-high-school-students|https://cassfamilyclinic.org/cass-family-clinic-invests-in-community-workforce-with-career-training-programs,https://cassfamilyclinic.org/job-openings|https://cassfamilyclinic.org/jobs/physician|https://cassfamilyclinic.org/cass-family-clinics-summer-greeter-program-provides-paid-job-opportunities-to-local-high-school-students|https://cassfamilyclinic.org/cass-family-clinic-invests-in-community-workforce-with-career-training-programs,4,0,false,false,map_only,rejected_insufficient_detailed_job_urls,Map found 4 provider-hosted job-detail URL(s) with a stable path; requires at least 5.
nursing_home,335323,THE ELEANOR NURSING CARE CENTER,HYDE PARK,NY,theeleanor.net,http://theeleanor.net/services.asp,0,,,0,0,false,false,map_only,rejected_insufficient_detailed_job_urls,Map found 0 provider-hosted job-detail URL(s) with a stable path; requires at least 5.
nursing_home,145933,APOSTOLIC CHRISTIAN SKYLINES,PEORIA,IL,acskylines.org,https://www.acskylines.org/articles,4,https://www.acskylines.org/careers,,0,0,false,false,map_only,rejected_insufficient_detailed_job_urls,Map found 0 provider-hosted job-detail URL(s) with a stable path; requires at least 5.
nursing_home,225016,Knollwood Nursing Center,WORCESTER,MA,knollwoodnursingcenter.com,https://www.knollwoodnursingcenter.com/,54,https://www.knollwoodnursingcenter.com/about-knollwood/career-opportunities,https://www.knollwoodnursingcenter.com/about-knollwood/career-opportunities,1,0,false,false,map_only,rejected_insufficient_detailed_job_urls,Map found 1 provider-hosted job-detail URL(s) with a stable path; requires at least 5.
nursing_home,255104,GRENADA LIVING CENTER,GRENADA,MS,grenadalivingcenter.com,https://www.grenadalivingcenter.com/,27,https://www.grenadalivingcenter.com/employment,,0,0,false,false,map_only,rejected_insufficient_detailed_job_urls,Map found 0 provider-hosted job-detail URL(s) with a stable path; requires at least 5.
nursing_home,315529,LIVIA HEALTH AND SENIOR LIVING,EAST HANOVER,NJ,livia-health.com,https://livia-health.com/new-age-aging/,71,https://livia-health.com/join-our-team/job-application,https://livia-health.com/agency-staffing-in-nursing-homes-a-growing-trend-with-challenges-and-opportunities|https://livia-health.com/join-our-team/job-application,2,0,false,false,map_only,rejected_insufficient_detailed_job_urls,Map found 2 provider-hosted job-detail URL(s) with a stable path; requires at least 5.
nursing_home,525654,HERITAGE LAKESIDE,RICE LAKE,WI,heritagelakesiderehab.com,https://heritagelakesiderehab.com/,22,https://heritagelakesiderehab.com/careers,,0,0,false,false,map_only,rejected_insufficient_detailed_job_urls,Map found 0 provider-hosted job-detail URL(s) with a stable path; requires at least 5.
nursing_home,165796,St Anthony Senior Services,Carroll,IA,stanthonyhospital.org,https://stanthonyhospital.org/medical-care/senior-care,239,https://www.stanthonyhospital.org/about-us/faq/15/what-positions-of-employment-can-i-apply-for|https://www.stanthonyhospital.org/about-us/faq/16/when-will-i-know-if-i-am-being-considered-for-a-position-of-employment,https://www.stanthonyhospital.org/about-us/faq/15/what-positions-of-employment-can-i-apply-for|https://www.stanthonyhospital.org/about-us/faq/16/when-will-i-know-if-i-am-being-considered-for-a-position-of-employment,2,0,false,false,map_only,rejected_insufficient_detailed_job_urls,Map found 2 provider-hosted job-detail URL(s) with a stable path; requires at least 5.
nursing_home,155400,CARDINAL CARE STRATEGIES,MUNCIE,IN,thestrategies.net,https://www.thestrategies.net/care-stragies/cardinal,13,,,0,0,false,false,map_only,rejected_insufficient_detailed_job_urls,Map found 0 provider-hosted job-detail URL(s) with a stable path; requires at least 5.
nursing_home,225630,NAVIGATOR HOMES OF MARTHA'S VINEYARD,EDGARTOWN,MA,vineyardgazette.com,https://vineyardgazette.com/news/2025/03/06/navigator-homes-take-shape-edgartown,236,https://vineyardgazette.com/news/2008/06/13/thanks-calling-employers-say-most-summer-jobs-filled|https://vineyardgazette.com/news/2010/01/14/year-after-obama-inauguration-jobs-are-job-one|https://vineyardgazette.com/employment-vineyard-gazette-media-group|https://vineyardgazette.com/news/2022/06/23/steamship-authority-struggles-fill-key-jobs|https://vineyardgazette.com/news/2022/09/15/vineyard-wind-charts-course-pledges-jobs-and-cheap-power|https://vineyardgazette.com/news/2008/07/08/naturalist-calls-island-life-book-eye-opening-resource|https://vineyardgazette.com/tags/job-fair|https://vineyardgazette.com/tm/collection/Job-fair|https://vineyardgazette.com/news/2025/03/18/high-school-job-fair|https://vineyardgazette.com/news/2023/03/23/hospital-seeks-shore-job-vacancies,https://vineyardgazette.com/news/2008/06/13/thanks-calling-employers-say-most-summer-jobs-filled|https://vineyardgazette.com/news/2010/01/14/year-after-obama-inauguration-jobs-are-job-one|https://vineyardgazette.com/news/2022/06/23/steamship-authority-struggles-fill-key-jobs|https://vineyardgazette.com/news/2022/09/15/vineyard-wind-charts-course-pledges-jobs-and-cheap-power|https://vineyardgazette.com/news/2008/07/08/naturalist-calls-island-life-book-eye-opening-resource|https://vineyardgazette.com/tags/job-fair|https://vineyardgazette.com/tm/collection/Job-fair|https://vineyardgazette.com/news/2025/03/18/high-school-job-fair|https://vineyardgazette.com/news/2023/03/23/hospital-seeks-shore-job-vacancies|https://vineyardgazette.com/news/2025/04/03/high-school-job-fair-boon-students-and-local-businesses|https://vineyardgazette.com/news/2024/03/26/high-school-job-fair-puts-opportunity-center-stage|https://vineyardgazette.com/news/2023/03/21/island-employers-pack-high-school-job-fair-search-workers|https://vineyardgazette.com/news/2022/04/26/vineyard-wind-host-job-fair|https://vineyardgazette.com/news/2023/10/03/hospital-hosts-job-seminar|https://vineyardgazette.com/news/2001/04/27/job-fair-seeks-placement-school-students|https://vineyardgazette.com/news/2021/04/16/mvcs-holds-job-fair-tuesday|https://calendar.vineyardgazette.com/event/marthas-vineyard-career-volunteer-networking-night|https://vineyardgazette.com/news/2003/08/14/county-drops-top-job-offer|https://vineyardgazette.com/news/1962/12/14/brilliant-career-new-attorney-general|https://vineyardgazette.com/news/2018/07/19/my-lai-abu-ghraib-career-spent-uncovering-truth|https://vineyardgazette.com/news/2007/03/23/town-will-end-job-contracts|https://calendar.vineyardgazette.com/event/mvcs_spring_professionals_job_fair|https://vineyardgazette.com/obituaries/2003/06/17/richard-e-west-76-had-long-marketing-career|https://vineyardgazette.com/news/2002/02/21/steamship-authority-board-offers-top-job-veteran-marine|https://vineyardgazette.com/news/2010/03/11/tonights-party-tomorrows-job-interview,36,4,true,false,detailed_audit,rejected_ats_detected,Known ATS domain or embed detected on a careers/job page.
nursing_home,215353,INGLESIDE AT KING FARM,ROCKVILLE,MD,inglesideonline.org,https://inglesideonline.org/ingleside-king-farm/ingleside-engaged/,189,https://inglesideonline.org/careers|https://inglesideonline.org/news/program-offers-career-opportunities-in-senior-living-for-young-adults-with-idds,https://inglesideonline.org/news/program-offers-career-opportunities-in-senior-living-for-young-adults-with-idds,1,0,false,false,map_only,rejected_insufficient_detailed_job_urls,Map found 1 provider-hosted job-detail URL(s) with a stable path; requires at least 5.
nursing_home,315176,THE PINES AT MEDFORD,MEDFORD,NJ,pinesrehab.org,https://pinesrehab.org/services/,0,,,0,0,false,false,map_only,rejected_insufficient_detailed_job_urls,Map found 0 provider-hosted job-detail URL(s) with a stable path; requires at least 5.
nursing_home,425418,Kempton Of Charleston,Charleston,SC,charlestonlivingmag.com,https://charlestonlivingmag.com/retire-your-way,218,,https://charlestonlivingmag.com/opportunities-abound,1,0,false,false,map_only,rejected_insufficient_detailed_job_urls,Map found 1 provider-hosted job-detail URL(s) with a stable path; requires at least 5.
nursing_home,065412,"GREEN HOUSE HOMES AT MIRASOL, THE",LOVELAND,CO,seniorhomes.com,https://www.seniorhomes.com/colorado/loveland/the-green-house-homes-at-mirasol,243,,,0,0,false,false,map_only,rejected_insufficient_detailed_job_urls,Map found 0 provider-hosted job-detail URL(s) with a stable path; requires at least 5.
nursing_home,215250,"GOODWILL MENNONITE HOME, INC.",GRANTSVILLE,MD,goodwillhome.org,https://goodwillhome.org/about-us/,248,https://goodwillhome.org/careers/careers-header|https://goodwillhome.org/home/careers2|https://goodwillhome.org/careers|https://goodwillhome.org/home/careers-2|https://goodwillhome.org/home/careers-3|https://goodwillhome.org/home/careers|https://goodwillhome.org/home/careers2-2,https://goodwillhome.org/careers/careers-header|https://goodwillhome.org/home/careers2|https://goodwillhome.org/home/careers-2|https://goodwillhome.org/home/careers-3|https://goodwillhome.org/home/careers2-2,5,0,false,false,detailed_audit,rejected_job_pages_not_detailed,Only 0/5 sampled URLs contained a detailed job description.
nursing_home,24E185,Bywood East Health Care,MINNEAPOLIS,MN,bywoodeast.com,https://bywoodeast.com/,14,http://bywoodeast.com/employment|https://bywoodeast.com/employment,,0,0,false,false,map_only,rejected_insufficient_detailed_job_urls,Map found 0 provider-hosted job-detail URL(s) with a stable path; requires at least 5.
nursing_home,345516,Conover Nursing And Rehabilitation Center,Conover,NC,conovernursingandrehab.com,https://www.conovernursingandrehab.com/,28,https://www.conovernursingandrehab.com/employment/open-positions|https://www.conovernursingandrehab.com/employment|https://www.conovernursingandrehab.com/employment-application,https://www.conovernursingandrehab.com/employment/open-positions,1,0,false,false,map_only,rejected_insufficient_detailed_job_urls,Map found 1 provider-hosted job-detail URL(s) with a stable path; requires at least 5.
nursing_home,445254,ONEIDA NURSING AND REHAB CENTER,ONEIDA,TN,oneidanursingandrehab.com,https://www.oneidanursingandrehab.com/,248,https://www.oneidanursingandrehab.com/employment,,0,0,false,false,map_only,rejected_insufficient_detailed_job_urls,Map found 0 provider-hosted job-detail URL(s) with a stable path; requires at least 5.
nursing_home,165606,Perry Lutheran Home,Perry,IA,perrylutheranhomes.org,https://perrylutheranhomes.org/2017/07/28/perry-community-and-mission-partners-in-full-support-at-acorns-oaks-daycare-ribbon-cutting-and-blessing-ceremonies/,242,https://perrylutheranhomes.org/careers|https://perrylutheranhomes.org/page_keywords/careers|https://perrylutheranhomes.org/page_keywords/jobs|https://perrylutheranhomes.org/page_keywords/jobs-in-perry|https://perrylutheranhomes.org/careers/apply-online|https://perrylutheranhomes.org/page_keywords/healthcare-jobs|https://perrylutheranhomes.org/careers/advancement|https://perrylutheranhomes.org/2021/02/22/perry-lutheran-homes-stepup-career-advancement-program|https://perrylutheranhomes.org/page_keywords/career|https://perrylutheranhomes.org/page_keywords/career-advancement,https://perrylutheranhomes.org/page_keywords/jobs-in-perry|https://perrylutheranhomes.org/careers/apply-online|https://perrylutheranhomes.org/page_keywords/healthcare-jobs|https://perrylutheranhomes.org/careers/advancement|https://perrylutheranhomes.org/2021/02/22/perry-lutheran-homes-stepup-career-advancement-program|https://perrylutheranhomes.org/page_keywords/career-advancement|https://perrylutheranhomes.org/page_keywords/volunteer-opportunities|https://perrylutheranhomes.org/page_keywords/volunteer-opportunities-in-perry|https://perrylutheranhomes.org/page_keywords/volunteer-opportunities-near-me,9,5,false,false,detailed_audit,validated_custom_scrape_candidate,At least five detailed provider-hosted job URLs were verified; no known ATS or JobPosting schema was detected in the sampled pages.
