businessName,normalizedName,projects,pipelineProjects,recentProjects,latestApplication,latestCompletion,cities,counties,targetScore,nextStep,serperQuery,candidateDomain,candidateUrl,candidateTitle,candidateSnippet,discoveryStatus,discoveryError
"Accord Power Inc","accord power","1079","366","736","2026-07-21","2026-07-31","Bronx | Brooklyn | Flushing | Fresh Meadows | Centereach | Jamaica | Miller Place | Woodside","Bronx | Kings | Queens | Suffolk | Nassau | Richmond | New York | Westchester","5186","Find official domain, then audit careers/jobs pages for detailed solar offers.","""Accord Power Inc"" solar contractor New York official website","accordpower.com","https://accordpower.com/","The Tri-State Area's Premier Solar Installer - Accord Power Inc ...","Contact Us · Accord Power Inc Logo. (718) 321-8820. commercial@accordpowerinc.com · residential@accordpowerinc.com. 11-02 37th Ave Long Island City, NY 11101.","candidate_found",""
"SunLight General Capital, LLC","sunlight general capital","91","81","81","2025-07-02","2026-01-30","Brooklyn | New York | Larchmont | Montrose | West Coxsackie | Kingston | Clinton | Sandy Creek","Kings | New York | Westchester | Greene | Ulster | Oneida | Oswego","941","Find official domain, then audit careers/jobs pages for detailed solar offers.","""SunLight General Capital, LLC"" solar contractor New York official website","documents.dps.ny.gov","https://documents.dps.ny.gov/public/Common/ViewDoc.aspx?DocRefId=%7BF05764BA-2439-406A-9335-CC05C4DA99F7%7D","SunLight General Capital LLC 135 East 57th Street, Floor 16 ...","(including subsidiaries and parent corporations) within New York State or elsewhere. ... SunLight General Capital LLC.","candidate_found",""
"Fieldston Power LLC","fieldston power","84","39","84","2026-06-03","2026-07-27","Bronx | Elmhurst | Brooklyn | New York","Bronx | Queens | Kings | New York","614","Find official domain, then audit careers/jobs pages for detailed solar offers.","""Fieldston Power LLC"" solar contractor New York official website","documents.dps.ny.gov","https://documents.dps.ny.gov/PTC/der","Distributed Energy Resources (DER) - Search / Commission Files","Solar. Fieldston Power LLC, Fieldston Power LLC. 5932 Liebig Avenue Bronx, NY, 10471. (856) 296-1352. adam@fieldstonpower.com · https://http://www.","candidate_found",""
"Sunkeeper Solar LLC","sunkeeper solar","100","33","71","2026-07-29","2026-07-23","New York | Far Rockaway | Kew Gardens | Flushing | Astoria | Brooklyn | Jamaica | Sunnyside","New York | Queens | Kings | Richmond | Bronx","527","Find official domain, then audit careers/jobs pages for detailed solar offers.","""Sunkeeper Solar LLC"" solar contractor New York official website","zoominfo.com","https://www.zoominfo.com/c/sunkeeper-solar-llc/561886568","Sunkeeper Solar - Overview, News & Similar companies | ZoomInfo.com","... New York City and its metropolitan area. The company employs a skilled ... Popular SearchesSunKeeper Solar LLCSunkeeper SolarSunkeeper Solar Electric LLC ...","candidate_found",""
"Nexamp Inc","nexamp","124","28","22","2026-02-18","2026-07-13","Mount Kisco | New Hampton | Sparrow Bush | Warwick | Middletown | Accord | Goshen | Bloomingburg","Westchester | Orange | Ulster | Albany | Greene | Dutchess | Columbia | Rensselaer","340","Find official domain, then audit careers/jobs pages for detailed solar offers.","""Nexamp Inc"" solar contractor New York official website","nexamp.com","https://www.nexamp.com/","Nexamp - We're Building the Future of Clean Energy","Average annual savings per community solar customer. 0 Years. Consecutive top solar contractor ... 2026 Nexamp, Inc. | Terms of Use | Privacy Policy | Site Map | ...","candidate_found",""
"Madison Energy Holding LLC","madison energy holding","24","22","12","2026-05-08","2026-06-24","Altamont | Malone | Evans Mills | Binghamton | Cortland | Memphis | Elmira | Cazenovia","Albany | Franklin | Jefferson | Broome | Cortland | Onondaga | Chemung | Madison","236","Find official domain, then audit careers/jobs pages for detailed solar offers.","""Madison Energy Holding LLC"" solar contractor New York official website","nyserda.my.salesforce-sites.com","https://nyserda.my.salesforce-sites.com/FindAContractorNYSun?programname=NY-Sun%20-%20Commercial%20&%20Industrial","Find A Contractor NYSun","Madison Energy Holding LLC 8484 Westpark Drive, Suite 720 McLean, Virginia ... RESunance, LLC. 298 HY VU DR EVERGREEN, Colorado 80439. RIC Development, LLC 17 ...","candidate_found",""
"Catalyze Holdings, LLC","catalyze holdings","51","20","17","2024-01-06","2026-02-13","College Point | Maspeth | Selkirk | Hermon | Altona | Potsdam | Mohawk | Newark","Queens | Albany | St Lawrence | Clinton | Herkimer | Wayne | Onondaga | Montgomery","261","Find official domain, then audit careers/jobs pages for detailed solar offers.","""Catalyze Holdings, LLC"" solar contractor New York official website","zoominfo.com","https://www.zoominfo.com/c/catalyze/353371402","Catalyze - Overview, News & Similar companies","Popular SearchesCatalyzeCatalyze LLCCatalyze IncCatalyze Holdings LLCCatalyze Charlton 299 Worcester Road Microgrid LLC ... solar projects in New York from hep ...","candidate_found",""
"Distributed Asset Solutions LLC","distributed asset solutions","58","20","13","2026-01-17","2026-06-08","Pine Bush | Wallkill | Woodbourne | Ferndale | Hudson | Waterford | Mooers Forks | Ballston Spa","Ulster | Sullivan | Columbia | Saratoga | Clinton | Tioga | Tompkins | Cayuga","249","Find official domain, then audit careers/jobs pages for detailed solar offers.","""Distributed Asset Solutions LLC"" solar contractor New York official website","nyserda.my.salesforce-sites.com","https://nyserda.my.salesforce-sites.com/FindAContractorNYSun?programname=NY-Sun%20-%20Commercial%20&%20Industrial","Find A Contractor NYSun","Distributed Asset Solutions LLC Link opens in new window - close new window ... RP New York Solar, LLC Link opens in new window - close new window to ...","candidate_found",""
"RIC Development, LLC","ric development","17","17","16","2026-06-17","","Clinton | Coeymans Hollow | Voorheesville | Natural Bridge | Oswego | Williamstown | Ontario | Newark","Oneida | Albany | Jefferson | Oswego | Wayne | Erie | Steuben | Niagara","201","Find official domain, then audit careers/jobs pages for detailed solar offers.","""RIC Development, LLC"" solar contractor New York official website","documents.dps.ny.gov","https://documents.dps.ny.gov/public/Common/ViewDoc.aspx?DocRefId=%7B8238DD97-C34F-42C3-A136-1C1726FF5A5E%7D","[PDF] RIC Development, LLC 85 Broad St., Floor 28 New York NY (917) 463 ...","involves the installation of distributed generation equipment, such as solar panels, on the property of ... RIC Development, LLC.","candidate_found",""
"Bullrock Corporation","bullrock","29","16","13","2026-04-21","2026-05-20","East Bloomfield | Bennington | Campbell | Mohegan Lake | Ferndale | Middletown | Stamford | Catskill","Ontario | Wyoming | Steuben | Westchester | Sullivan | Orange | Delaware | Greene","196","Find official domain, then audit careers/jobs pages for detailed solar offers.","""Bullrock Corporation"" solar contractor New York official website","bullrockrealestate.com","https://www.bullrockrealestate.com/team","Gregg Beldock - Bullrock","... New York area and northern New England, where Gregg is the owner of Bullrock Corporation. His experience as a construction manager for large regional ...","candidate_found",""
"BEST ENERGY POWER","best energy power","610","15","78","2026-04-01","2026-07-31","East Hampton | Ronkonkoma | Port Jefferson Station | Riverhead | Amityville | Massapequa | Westbury | Great Neck","Suffolk | Nassau | Queens | Kings | Richmond | New York | Bronx | Westchester","404","Find official domain, then audit careers/jobs pages for detailed solar offers.","""BEST ENERGY POWER"" solar contractor New York official website","bestenergypower.com","https://www.bestenergypower.com/","Solar Panels | Best Energy Power™","Best Energy Power™ has become a trusted name in the industry. We are accredited by the Better Business Bureau (BBB). We consistently deliver the highest level ...","candidate_found",""
"PowerFlex Solar, LLC","powerflex solar","77","14","10","2026-04-15","2025-09-03","Ronkonkoma | Holtsville | Islip Terrace | Hauppauge | Sayville | Westbury | Mineola | Port Washington","Suffolk | Nassau | Queens | Kings | Richmond | Bronx | Westchester | Orange","192","Find official domain, then audit careers/jobs pages for detailed solar offers.","""PowerFlex Solar, LLC"" solar contractor New York official website","nycourts.gov","https://www.nycourts.gov/reporter/3dseries/2024/2024_04102.htm","Powerflex Solar, LLC v Solar PV Pros, LLC (2024 ...","Powerflex Solar, LLC v Solar PV Pros, LLC. 2024 NY Slip Op 04102 [230 AD3d 834]. August 1, 2024. Appellate Division, Third Department. Published ...","candidate_found",""
"Green Street Power Partners, LLC","green street power partners","432","13","11","2026-01-28","2026-07-07","Shoreham | Oyster Bay | Massapequa | Fresh Meadows | College Point | Jamaica | Ozone Park | Rockaway Park","Suffolk | Nassau | Queens | Kings | Richmond | Bronx | New York | Westchester","187","Find official domain, then audit careers/jobs pages for detailed solar offers.","""Green Street Power Partners, LLC"" solar contractor New York official website","gspowerpartners.com","https://gspowerpartners.com/","GS Power Partners | Independent Power Producer","Sign up to receive our insights, news and industry analysis about the DG solar and energy storage sectors. ... Copyright 2026, Green Street Power Partners, LLC.","candidate_found",""
"Lightstar Renewables LLC","lightstar renewables","13","13","8","2026-06-17","","Montgomery | Ulster | Slate Hill | New Windsor | Walden | Chester | Hannacroix | Florida","Orange | Ulster | Greene | Dutchess | Saratoga | Jefferson","141","Find official domain, then audit careers/jobs pages for detailed solar offers.","""Lightstar Renewables LLC"" solar contractor New York official website","lightstar.com","https://www.lightstar.com/news/55-plains-road-project-press","Lightstar and the 55 Plains Road community solar project","About Lightstar Renewables LLC ... Founded in 2019 and headquartered in Boston, Lightstar Renewables is leading the industry in community solar ...","candidate_found",""
"Generate Capital","generate capital","98","12","22","2025-01-15","2026-06-10","Crown Point | Lyons | Baldwinsville | Westtown | Otisville | Port Jervis | Montgomery | Goshen","Essex | Wayne | Onondaga | Orange | Sullivan | Greene | Albany | Ulster","212","Find official domain, then audit careers/jobs pages for detailed solar offers.","""Generate Capital"" solar contractor New York official website","generatecapital.com","https://generatecapital.com/","Generate Capital","Generate Capital, an investment firm focused on sustainability and infrastructure, raised $1.5 billion in new equity from an investor group including the ...","candidate_found",""
"AMS Construction Corp","ams construction","27","12","16","2025-12-10","2025-04-22","Astoria | Brooklyn | Staten Island | New York | Bronx | Germantown","Queens | Kings | Richmond | New York | Bronx | Columbia","171","Find official domain, then audit careers/jobs pages for detailed solar offers.","""AMS Construction Corp"" solar contractor New York official website","amsepc.com","https://www.amsepc.com/","AMS Renewable Energy | Solar Construction & EPC Experts","Headquartered in White Plains, NY, AMS is a licensed contractor operating nationwide. ... © 2026 AMS Construction Corp. A: 4 W Red Oak Lane, White Plains, NY ...","candidate_found",""
"Abundant Solar Power Inc.","abundant solar power","24","12","12","2026-05-20","2025-10-17","Middletown | Buffalo | Skaneateles Falls | Conklin | Cazenovia | Syracuse | East Syracuse | Elmira","Delaware | Erie | Onondaga | Broome | Madison | Chemung | Wayne | Monroe","156","Find official domain, then audit careers/jobs pages for detailed solar offers.","""Abundant Solar Power Inc."" solar contractor New York official website","abundantsolarpower.com","https://abundantsolarpower.com/wp-content/uploads/2024/05/Abundant_Rice-Road-Solar_IFP-REV3_05152024.pdf","rice rd. east bloomfield, ny 14469 - Abundant Solar Power","ABUNDANT SOLAR POWER, INC. 300 State Street, Suite 201. Rochester, NY 14614. 585-454-6110 labellapc.com.","candidate_found",""
"RP New York Solar, LLC","rp new york solar","12","11","9","2026-02-18","2026-06-08","East Berne | Phoenix | Fulton | Central Square | Brewerton | Little Falls | Baldwinsville | Burt","Albany | Onondaga | Oswego | Herkimer | Niagara | Allegany | Cattaraugus","127","Find official domain, then audit careers/jobs pages for detailed solar offers.","""RP New York Solar, LLC"" solar contractor New York official website","documents.dps.ny.gov","https://documents.dps.ny.gov/PTC/der","Distributed Energy Resources (DER) - Search / Commission Files","New York, NY, 10004. (917) 463-0421. Community Distributed Generation. Solar. RP New York Solar, LLC, Radial Power. 423 W. 55th Street 7th Floor New York, NY, ...","candidate_found",""
"OYA SOLAR NY L.P.","oya solar ny l p","17","11","0","2022-09-13","2023-06-13","Watertown | Clayton | Constable | Pulaski | Baldwinsville | Burt | Piffard | Cattaraugus","Jefferson | Franklin | Oswego | Onondaga | Niagara | Livingston | Cattaraugus | Chautauqua","105","Find official domain, then audit careers/jobs pages for detailed solar offers.","""OYA SOLAR NY L.P."" solar contractor New York official website","greenbank.ny.gov","https://greenbank.ny.gov/-/media/Project/Greenbank/Files/NYGB-Transaction-Profile-OYA-Solar.pdf","NY Green Bank Transaction Profile - OYA Solar Inc.","OYA Solar NY, LP and OYA Solar US. G.P.. Energy Project Developer. 1. Case 13-M-0412. 2. Defined as projects located in four or more regions of the State. Page ...","candidate_found",""
"Dimension Energy LLC","dimension energy","19","10","7","2025-11-21","2026-06-23","Heuvelton | Galway | Canton | Lowville | New Woodstock | Skaneateles | Parish | Palmyra","St Lawrence | Saratoga | Lewis | Madison | Onondaga | Oswego | Wayne | Chenango","120","Find official domain, then audit careers/jobs pages for detailed solar offers.","""Dimension Energy LLC"" solar contractor New York official website","townofcortlandtny.gov","https://www.townofcortlandtny.gov/uppages/DIMENSION-CROTON%20AVENUE%20SOLAR%20PROJECT-NARRATIVE%2020190418.PDF","[PDF] Project Description - Cortlandt (Town)","Page 1. Project Description. Dimension Energy LLC (Applicant) proposes to construct and operate a ground mounted fixed tilt photovoltaic (PV) community solar ...","candidate_found",""
"NSF EPC LLC","nsf epc","22","9","12","2026-05-29","2026-06-05","Fishers | Elbridge | Chateaugay | Ithaca | Endicott | Walworth | Norwich | Edmeston","Ontario | Onondaga | Franklin | Tompkins | Broome | Wayne | Chenango | Otsego","130","Find official domain, then audit careers/jobs pages for detailed solar offers.","""NSF EPC LLC"" solar contractor New York official website","zoominfo.com","https://www.zoominfo.com/c/nsf-epc-llc/1324247558","Nsf Epc - Overview, News & Similar companies | ZoomInfo.com","NSF EPC, LLC specializes in solar energy solutions, focusing on the development and management of solar projects. The company aims to provide sustainable ...","candidate_found",""
"Seaboard Solar Holdings LLC","seaboard solar holdings","9","9","9","2026-01-28","","Valatie | East Greenbush | Waterford | Boonville | Gansevoort","Columbia | Rensselaer | Saratoga | Oneida","108","Find official domain, then audit careers/jobs pages for detailed solar offers.","""Seaboard Solar Holdings LLC"" solar contractor New York official website","nautilussolar.com","https://nautilussolar.com/news/nautilus-set-to-acquire-its-largest-pre-operational-community-solar-portfolio-from-seaboard-solar-holdings","Nautilus to Acquire Largest Pre-Operational Portfolio from ...","... solar projects from Seaboard Solar Holdings, LLC (“Seaboard”). The nine projects in the portfolio are located in New York and are expected ...","candidate_found",""
"New Energy Equity LLC","new energy equity","12","9","7","2025-05-24","2026-07-14","Middletown | Moriah | Newark Valley | Sherburne | Depew | Buffalo | Houghton | Falconer","Orange | Essex | Tioga | Chenango | Erie | Allegany | Chautauqua","105","Find official domain, then audit careers/jobs pages for detailed solar offers.","""New Energy Equity LLC"" solar contractor New York official website","prnewswire.com","https://www.prnewswire.com/news-releases/nt-solar-celebrates-new-impact-investment-fund--series-of-successful-transactions-302126229.html","NT Solar Celebrates New Impact Investment Fund & Series ...","New Energy Equity LLC, a wholly owned subsidiary of ALLETE (NYSE:ALE), develops, finances, operates, and manages solar power generation assets, ...","candidate_found",""
"Bluewave Public Benefit Corp.","bluewave public benefit","9","9","6","2026-02-18","","Stamford | Fonda | Newport | Binghamton | Johnstown | Albion | Hornell","Delaware | Fulton | Herkimer | Broome | Orleans | Steuben","99","Find official domain, then audit careers/jobs pages for detailed solar offers.","""Bluewave Public Benefit Corp."" solar contractor New York official website","nyserda.my.salesforce-sites.com","https://nyserda.my.salesforce-sites.com/FindAContractorNYSun?programname=NY-Sun%20-%20Commercial%20&%20Industrial","Find A Contractor NYSun","Bluewave Public Benefit Corp. Link opens in new window - close new window to ... RP New York Solar, LLC Link opens in new window - close new window to ...","candidate_found",""
"Scale Microgrid Solutions Operating, LLC","scale microgrid solutions operating","15","8","9","2024-08-23","2026-06-03","Bainbridge | Chemung | Amsterdam | Binghamton | Apalachin | Romulus","Chenango | Chemung | Montgomery | Fulton | Broome | Tioga | Seneca","106","Find official domain, then audit careers/jobs pages for detailed solar offers.","""Scale Microgrid Solutions Operating, LLC"" solar contractor New York official website","zoominfo.com","https://www.zoominfo.com/c/scale-microgrid-solutions/406855747","Scale Microgrid Solutions - Overview, News & Similar companies - ZoomInfo","Popular SearchesScale Microgrid SolutionsScale Microgrid Solutions Operating LLCScale Microgrids ... (New York City, New York, United States). Open Position.","candidate_found",""
"SAFARI ENERGY","safari energy","82","8","8","2026-02-17","2022-12-09","Centereach | Riverhead | Ridge | Greenlawn | Bohemia | Huntington Station | Deer Park | Plainview","Suffolk | Nassau | Queens | Kings | Richmond | Bronx | New York | Westchester","138","Find official domain, then audit careers/jobs pages for detailed solar offers.","""SAFARI ENERGY"" solar contractor New York official website","solarpowerworldonline.com","https://www.solarpowerworldonline.com/suppliers/safari-energy/","Safari Energy - Solar Power World","Safari Energy ... Safari is a leading developer of commercial solar energy projects to REITs and large real estate owners. Safari has developed and built several ...","candidate_found",""
"Delaware River Solar, LLC","delaware river solar","18","7","7","2026-05-20","2024-12-19","Winfield | Erwin | Corning | Callicoon | Monticello | Woodridge | Narrowsburg | Dryden","Herkimer | Steuben | Sullivan | Tompkins | Chemung | Onondaga | Tioga | Oneida","95","Find official domain, then audit careers/jobs pages for detailed solar offers.","""Delaware River Solar, LLC"" solar contractor New York official website","documents.dps.ny.gov","https://documents.dps.ny.gov/public/Common/ViewDoc.aspx?DocRefId=%7B037A54B0-6A07-41F5-8D59-9623D01BD804%7D","Delaware River Solar 33 Irving Place 10th Floor, New York ...","website at www.dps.state.ny.us, by calling 1 (800) 342-3377, or by writing ... “CDG Host” means Delaware River Solar, LLC and its successors, assigns ...","candidate_found",""
"NYSS LLC","nyss","1814","6","1496","2026-06-16","2026-07-30","Richmond Hill | Queens | Woodside | Melville | Babylon | Copiague | Central Islip | Blue Point","Queens | Suffolk | Nassau | Kings | Richmond | Bronx | New York | Westchester","4586","Find official domain, then audit careers/jobs pages for detailed solar offers.","""NYSS LLC"" solar contractor New York official website","nystatesolar.com","https://nystatesolar.com/terms-of-service/","Terms of Service","Terms of Service Effective Date: January 1, 2025 Introduction Welcome to NYSS, LLC (d/b/a NY State Solar) (""we,"" ""our,"" or ""us"").","candidate_found",""
"Sustainable Energy Developments (DBA GreenSpark Solar)","sustainable energy developments dba greenspark solar","1524","6","433","2026-04-21","2026-07-24","Canandaigua | Sodus | Webster | Macedon | Ontario | Weedsport | Walworth | Williamson","Ontario | Wayne | Monroe | Cayuga | Onondaga | Tompkins | Oneida | Otsego","1397","Find official domain, then audit careers/jobs pages for detailed solar offers.","""Sustainable Energy Developments (DBA GreenSpark Solar)"" solar contractor New York official website","documents.dps.ny.gov","https://documents.dps.ny.gov/public/Common/ViewDoc.aspx?DocRefId=%7B20838C9D-0000-C65C-9A99-D2A556DE72B2%7D","Public Service - Search / Commission Files - NY.gov","Sustainable Energy Developments dba GreenSpark Solar. Kevin Schulte. CEO. Page 6. Attachment A: Proof of Acceptance of Registration. Page 7 ...","candidate_found",""
"ASA Holdings NY I LLC (dba for Puresky HoldCo, Inc)","asa holdings ny i dba for puresky holdco","34","6","6","2025-04-24","2026-04-16","Castleton on Hudson | Troy | Hudson | Nassau | Corinth | Clayton | Richville | Hermon","Rensselaer | Columbia | Saratoga | Jefferson | St Lawrence | Warren | Schenectady | Oneida","100","Find official domain, then audit careers/jobs pages for detailed solar offers.","""ASA Holdings NY I LLC (dba for Puresky HoldCo, Inc)"" solar contractor New York official website","","","","","no_official_domain_candidate",""
"AES Distributed Energy, Inc.","aes distributed energy","39","6","2","2025-12-10","2026-07-13","Middletown | Otisville | Goshen | Walden | Montgomery | Rock Tavern | Pleasant Valley | Troy","Orange | Dutchess | Rensselaer | Washington | Columbia | Schenectady | Jefferson | Saratoga","93","Find official domain, then audit careers/jobs pages for detailed solar offers.","""AES Distributed Energy, Inc."" solar contractor New York official website","greenbank.ny.gov","https://greenbank.ny.gov/-/media/Project/Greenbank/Files/NYGB-Transaction-Profile_AES-Distributed-Energy.pdf","Continued Support of Distributed Generation in the Northeast ...","... solar projects developed by AES Distributed Energy, Inc. (“AES DE ... construction will support clean energy generation in New York State.","candidate_found",""
"Emes Solar","emes solar","230","5","124","2026-05-08","2026-06-22","Far Rockaway | Atlantic Beach | Lawrence | Oakland Gardens | Long Beach | South Richmond Hill | Bayside | Flushing","Queens | Nassau | Kings | Richmond | Bronx | New York | Westchester | Rockland","462","Find official domain, then audit careers/jobs pages for detailed solar offers.","""Emes Solar"" solar contractor New York official website","zoominfo.com","https://www.zoominfo.com/c/emes-solar-inc/556936718","Emes Solar - Overview, News & Similar companies","What is Emes Solar's official website? Emes Solar's official website is www.emessolar.com. Sign Up For FreeTo access detailed company insights.","candidate_found",""
"Montante Solar","montante solar","100","5","30","2026-03-06","2026-03-19","Montgomery | Vernon | East Syracuse | Webster | Buffalo | Tonawanda | Albion | Niagara Falls","Orange | Oneida | Onondaga | Monroe | Erie | Orleans | Niagara | Chautauqua","180","Find official domain, then audit careers/jobs pages for detailed solar offers.","""Montante Solar"" solar contractor New York official website","montantesolar.com","https://www.montantesolar.com/","Montante Solar | Solar Energy Services in Buffalo and ...","From development through construction, Montante Solar helps turn land into productive, income-generating solar sites while supporting clean energy growth. Our ...","candidate_found",""
"U.S. Light Energy (dba for Solitude Solar, LLC)","u s light energy dba for solitude solar","9","5","5","2025-04-24","2022-09-23","Bloomingburg | Selkirk | Carthage | Chateaugay | Rexford | Red Creek | Albion","Orange | Albany | Jefferson | Franklin | Saratoga | Lewis | Cayuga | Orleans","64","Find official domain, then audit careers/jobs pages for detailed solar offers.","""U.S. Light Energy (dba for Solitude Solar, LLC)"" solar contractor New York official website","nyserda.my.salesforce-sites.com","https://nyserda.my.salesforce-sites.com/FindAContractorNYSun?programname=NY-Sun%20-%20Commercial%20&%20Industrial","Find A Contractor NYSun","U.S. Light Energy (dba for Solitude Solar, LLC) Link opens in new window - close new window to return to this page. 830 New Loudon Rd. Latham, New York 12110.","candidate_found",""
"Haugland Energy LLC","haugland energy","5","5","5","2025-08-15","","Staten Island","Richmond","60","Find official domain, then audit careers/jobs pages for detailed solar offers.","""Haugland Energy LLC"" solar contractor New York official website","online.incident-prevention.com","https://online.incident-prevention.com/april-may-2021/page-41","April May 2021 • Page 41","Hallen Construction Harlan Electric Haugland Energy, LLC Hawaiian Electric Co. ... New York Power Authority New York State Electric and Gas Newkirk ...","candidate_found",""
"Group-S LLC dba EN-POWER GROUP","group s dba en power group","5","5","0","2021-12-01","","Glen Oaks | Bellerose","Queens","45","Find official domain, then audit careers/jobs pages for detailed solar offers.","""Group-S LLC dba EN-POWER GROUP"" solar contractor New York official website","nyserda.my.salesforce-sites.com","https://nyserda.my.salesforce-sites.com/FindAContractorRetailStorage","FindAContractor RetailStorage","Group-S LLC dba EN-POWER GROUP Link opens in new window - close new window to return to this page. Michael Scorrano (914) 263-1199 mvscorrano@enpg.com, Yes.","candidate_found",""
"Urban Energy Inc.","urban energy","18","4","7","2024-04-19","2024-12-12","Astoria | East Elmhurst | Brooklyn | Staten Island | Bronx | New York | Yonkers | Tuckahoe","Queens | Kings | Richmond | Bronx | New York | Westchester","71","Find official domain, then audit careers/jobs pages for detailed solar offers.","""Urban Energy Inc."" solar contractor New York official website","scalemicrogrids.com","https://www.scalemicrogrids.com/blog/urban-energy-financed-by-scale-closes-innovative-rooftop-community-solar-in-yonkers","Urban Energy, Financed By Scale, Closes Innovative ...","BROOKLYN, N.Y.--(BUSINESS WIRE)--Urban Energy Inc. (“Urban Energy”) is announcing an exciting project to develop community solar in New York.","candidate_found",""
"IPPsolar Integration LLC","ippsolar integration","13","4","7","2024-12-11","2026-03-16","Bronx | Bedford | Yorktown Heights | Baldwin Place | Brewster | Purchase | Orangeburg | Cuddebackville","Bronx | Westchester | Putnam | Rockland | Orange | Ulster | Dutchess","66","Find official domain, then audit careers/jobs pages for detailed solar offers.","""IPPsolar Integration LLC"" solar contractor New York official website","greenburghny.com","https://www.greenburghny.com/DocumentCenter/View/15306/Cover-Letter---2025-08-15","New York, 8/25/2025 Attn: Planning Board of ...","IPPsolar Integration LLC is the system installer and the system owner is one of the affiliates of the parent company IPPsolar LLC. All ...","candidate_found",""
"Wildcat Renewables, LLC","wildcat renewables","11","4","4","2025-11-21","2024-09-12","Stuyvesant | Gouverneur | Oswego | East Syracuse | Lockport | Batavia | East Aurora | Marilla","Columbia | St Lawrence | Oswego | Onondaga | Niagara | Genesee | Erie","55","Find official domain, then audit careers/jobs pages for detailed solar offers.","""Wildcat Renewables, LLC"" solar contractor New York official website","nyserda.my.salesforce-sites.com","https://nyserda.my.salesforce-sites.com/FindAContractorNYSun?programname=NY-Sun%20-%20Commercial%20&%20Industrial","Find A Contractor NYSun","Link opens in new window - close new window to return to this page. 232 Madison Ave New york, New York 10016. Wildcat Renewables, LLC Link opens in new ...","candidate_found",""
"KSI III Devco, LLC","ksi iii devco","8","4","4","2025-12-10","2026-05-01","Stephentown | Glens Falls | Newfield | Palatine Bridge | Henrietta | Cassadaga | Ellicottville | Fredonia","Rensselaer | Warren | Tompkins | Montgomery | Monroe | Chautauqua | Cattaraugus","52","Find official domain, then audit careers/jobs pages for detailed solar offers.","""KSI III Devco, LLC"" solar contractor New York official website","choosechq.com","https://www.choosechq.com/wp-content/uploads/2025/01/Application-Schofield-Solar.pdf","[PDF] Schofield Solar, LLC c/o KSI III Devco, LLC 6 ... - Choose CHQ","April 2, 2024. To the Chautauqua County IDA: This letter serves as notice that Schofield Solar, LLC is now 100% owned by KSI III Devco, LLC, which is.","candidate_found",""
"Finlo Solar","finlo solar","4","4","4","2025-06-04","","Kerhonkson | Whitesboro","Ulster | Oneida","48","Find official domain, then audit careers/jobs pages for detailed solar offers.","""Finlo Solar"" solar contractor New York official website","finlosolar.com","https://finlosolar.com/","Finlo Solar","With 23 years (since '01) in New York solar, permit and contract for construction. 487 Off-take Contracting, (518) 300-3470 160 Fairview Ave, Hudson NY 12534","candidate_found",""
"AC Power, LLC","ac power","4","4","4","2026-03-26","","Queensbury | Syracuse | Depew | Tonawanda","Warren | Onondaga | Erie","48","Find official domain, then audit careers/jobs pages for detailed solar offers.","""AC Power, LLC"" solar contractor New York official website","acpowerllc.com","https://www.acpowerllc.com/","AC Power | Brownfield Solar Developer","New York NY 10010. ​​. Phone: (845) 648-2955​. info@acpowerllc.com · Linkedin; Instagram; Youtube. B Corporation logo ... © 2024 by AC POWER LLC. bottom of page.","candidate_found",""
"Distributed Solar Operations, LLC","distributed solar operations","44","4","3","2023-12-14","2025-11-04","White Plains | Port Chester | West Harrison | Monroe | Bloomingburg | Walden | New Hampton | Swan Lake","Westchester | Orange | Sullivan | Ulster | Dutchess | Rensselaer | St Lawrence | Schenectady","85","Find official domain, then audit careers/jobs pages for detailed solar offers.","""Distributed Solar Operations, LLC"" solar contractor New York official website","zoominfo.com","https://www.zoominfo.com/c/distributed-solar-development-llc/480531972","DSD Renewables - Overview, News & Similar companies","... Distributed Solar Operations LLCDSD RenewablesDistributed Solar DevelopmentDistributed Solar Projects LLC ... Bayer Unveils Groundbreaking Solar Energy Projects ...","candidate_found",""
"Park Avenue Solar Solutions, LLC","park avenue solar solutions","4","4","2","2025-01-30","","Brooklyn | Germantown | Rensselaer | Mechanicville","Kings | Columbia | Rensselaer | Saratoga","42","Find official domain, then audit careers/jobs pages for detailed solar offers.","""Park Avenue Solar Solutions, LLC"" solar contractor New York official website","nyserda.my.salesforce-sites.com","https://nyserda.my.salesforce-sites.com/FindAContractorNYSun?programname=NY-Sun+-+Residential+","Find A Contractor NYSun","2351 NY-14. Geneva, NY 14456. Park Avenue Solar Solutions, LLC Link opens in new window - close new window to return to this page. 2200 Atlantic Street","candidate_found",""
"Sky Solar Inc.","sky solar","4","4","0","2021-10-20","","Freehold | New Paltz | Saratoga Springs","Greene | Ulster | Saratoga","36","Find official domain, then audit careers/jobs pages for detailed solar offers.","""Sky Solar Inc."" solar contractor New York official website","documents.dps.ny.gov","https://documents.dps.ny.gov/public/Common/ViewDoc.aspx?DocRefId=%7BA29A0775-70E9-4FF8-B323-2DB1C9EA7B13%7D&DocTitle=Sky%20Solar%20Inc%20Public%20Comment%20Submission","[PDF] : 1~ SKY SOLAR - Search / Commission Files","Sky Solar Inc. (""SKY"") is a division of a world leading renewable energy company focused on the development, financing, and engineering of ...","candidate_found",""
"Kamtech Restoration Corp","kamtech restoration","2929","3","1738","2026-06-29","2026-07-29","Patchogue | Southampton | Jamaica | Queens | Rosedale | East Hampton | RICHMOND HILL | Richmond Hill","Suffolk | Queens | Nassau | Kings | Richmond | Bronx | New York | Westchester","5288","Find official domain, then audit careers/jobs pages for detailed solar offers.","""Kamtech Restoration Corp"" solar contractor New York official website","gaf.com","https://www.gaf.com/en-us/roofing-contractors/residential/usa/ny/brooklyn/kamtech-restoration-corp-1112005","Kamtech Restoration Corp | GAF Residential Roofers","Kamtech Restoration Corp is a family-owned contractor located right here in NYC between Dyker Heights and Bensonhurst in Brooklyn. We specialize in roofing ...","candidate_found",""
"Solar Liberty","solar liberty","1125","3","490","2026-03-07","2026-07-24","Woodside | Long Island City | Brooklyn | Bronx | New York | Tuckahoe | Yonkers | Larchmont","Queens | Kings | Bronx | New York | Westchester | Putnam | Sullivan | Orange","1544","Find official domain, then audit careers/jobs pages for detailed solar offers.","""Solar Liberty"" solar contractor New York official website","solarliberty.com","https://solarliberty.com/","Solar Liberty | NY's Top-Rated Solar Company","A trusted solar company with 20+ years experience serving NY, PA, OH & VT. Get a free quote online or call Solar Liberty at 866-807-3639.","candidate_found",""
"Active Solar Development, LLC","active solar development","106","3","17","2026-06-17","2026-05-05","New Windsor | Rensselaerville | West Fulton | West Coxsackie | Castleton on Hudson | Troy | Rensselaer | Schaghticoke","Orange | Albany | Schoharie | Greene | Rensselaer | Schenectady | Fulton | Saratoga","125","Find official domain, then audit careers/jobs pages for detailed solar offers.","""Active Solar Development, LLC"" solar contractor New York official website","activesolarusa.com","https://www.activesolarusa.com/","Active Solar Development, LLC","Active Solar Development, LLC was founded by Frank McCleneghen in 2012, with ... solar thermal or ""hot water"" systems in New York State. NYSERDA ...","candidate_found",""
"Pivot Energy Development LLC","pivot energy development","20","3","10","2024-01-06","2026-02-19","Flushing | Brooklyn | Bronx | Purchase | Evans Mills | Ticonderoga | Ogdensburg | Pulaski","Queens | Kings | Bronx | Westchester | Jefferson | Essex | St Lawrence | Oswego","74","Find official domain, then audit careers/jobs pages for detailed solar offers.","""Pivot Energy Development LLC"" solar contractor New York official website","oneidacountyida.org","https://www.oneidacountyida.org/projects/download/3398","[PDF] Untitled - Oneida County Industrial Development Agency","PIVOT SOLAR NY 4, LLC. By: Pivot Energy Development, LLC, its sole member. By: STATE OF COLORADO. ) COUNTY OF DENVER. Tom Hunt. Chief Executive Officer. : ss.:.","candidate_found",""
"38DN Contracting, LLC","38dn contracting","7","3","4","2026-06-17","2026-05-07","Wallkill | East Greenbush | Glenmont | Fulton | Skaneateles | New Hartford","Ulster | Rensselaer | Albany | Oswego | Onondaga | Oneida","43","Find official domain, then audit careers/jobs pages for detailed solar offers.","""38DN Contracting, LLC"" solar contractor New York official website","nyserda.my.salesforce-sites.com","https://nyserda.my.salesforce-sites.com/FindAContractorNYSun?programname=NY-Sun%20-%20Commercial%20&%20Industrial","Find A Contractor NYSun","Company. 38DN Contracting, LLC Link opens in new window - close new window to return to this page. 180 Harbor Drive, Suite 217. Sausalito, California 94965.","candidate_found",""
"ClearPath Energy LLC","clearpath energy","10","3","3","2026-02-18","2025-06-30","Monticello | Lowville | Tully | Little Falls | Poland | Corning","Sullivan | Lewis | Onondaga | Herkimer | Oneida | Steuben","43","Find official domain, then audit careers/jobs pages for detailed solar offers.","""ClearPath Energy LLC"" solar contractor New York official website","thompsonny.gov","https://thompsonny.gov/wp-content/uploads/2025/01/Town-Board-Agenda-Packet-02-20-2025.pdf","Town of Thompson, Sullivan County, NY","Robert Romine, ClearPath Energy LLC: Letter dated 01/31/25 to Supervisor Rieber Re: Notice of Intent to Install a Solar. Energy System-The "" ...","candidate_found",""
"Cipriani Energy Group Corp.","cipriani energy group","8","3","3","2026-04-10","2026-05-19","Plattsburgh | Malone | Champlain | Crown Point | Johnstown | Cortland","Clinton | Franklin | Essex | Montgomery | Cortland","41","Find official domain, then audit careers/jobs pages for detailed solar offers.","""Cipriani Energy Group Corp."" solar contractor New York official website","zoominfo.com","https://www.zoominfo.com/c/cipriani-energy-group/481660294","Cipriani Energy Group - Overview, News & Similar ...","... New York ... Popular SearchesCipriani Energy GroupCipriani Energy Group CorpCiprianienergygroup ComCipriani Construction CorpCipriani Energy Group - Corp ...","candidate_found",""
"Lodestar Energy","lodestar energy","6","3","3","2025-04-24","2021-06-16","New Windsor | Spencer | Johnson City | Nichols","Orange | Tioga | Broome","39","Find official domain, then audit careers/jobs pages for detailed solar offers.","""Lodestar Energy"" solar contractor New York official website","lodestarenergy.com","https://lodestarenergy.com/test/","test","Megan supports the Lodestar Energy team in the origination and development of solar projects across all markets. She contributes to site identification ...","candidate_found",""
"DVM Industries LLC","dvm industries","3","3","3","2026-05-18","","Long Island City | New York","Queens | New York","36","Find official domain, then audit careers/jobs pages for detailed solar offers.","""DVM Industries LLC"" solar contractor New York official website","naece.org","https://naece.org/listing/dvm-industries-llc","DVM INDUSTRIES LLC | NAECE Directory","About DVM INDUSTRIES LLC ... DVM Industries is a leading Turnkey Facility and Energy Solutions provider, specializing in tailored services for the Residential, ...","candidate_found",""
"Elecnor Hawkeye LLC","elecnor hawkeye","3","3","3","2026-04-10","","Selkirk | Gansevoort | Homer","Albany | Saratoga | Cortland","36","Find official domain, then audit careers/jobs pages for detailed solar offers.","""Elecnor Hawkeye LLC"" solar contractor New York official website","libn.com","https://libn.com/2025/07/10/elecnor-hawkeye-ny-sun-solar-new-york/","Elecnor Hawkeye joins NY-Sun to expand solar energy","The acquisition prompted the company's rebranding and renaming as Elecnor Hawkeye, LLC. Today, Elecnor Hawkeye is a partner to utilities ...","candidate_found",""
