businessName,normalizedName,projects,pipelineProjects,recentProjects,latestApplication,latestCompletion,cities,counties,targetScore,nextStep
"Accord Power Inc","accord power","1079","366","736","2026-07-21","2026-07-31","Bronx | Brooklyn | Flushing | Fresh Meadows | Centereach | Jamaica | Miller Place | Woodside","Bronx | Kings | Queens | Suffolk | Nassau | Richmond | New York | Westchester","5186","Find official domain, then audit careers/jobs pages for detailed solar offers."
"SunLight General Capital, LLC","sunlight general capital","91","81","81","2025-07-02","2026-01-30","Brooklyn | New York | Larchmont | Montrose | West Coxsackie | Kingston | Clinton | Sandy Creek","Kings | New York | Westchester | Greene | Ulster | Oneida | Oswego","941","Find official domain, then audit careers/jobs pages for detailed solar offers."
"Fieldston Power LLC","fieldston power","84","39","84","2026-06-03","2026-07-27","Bronx | Elmhurst | Brooklyn | New York","Bronx | Queens | Kings | New York","614","Find official domain, then audit careers/jobs pages for detailed solar offers."
"Sunkeeper Solar LLC","sunkeeper solar","100","33","71","2026-07-29","2026-07-23","New York | Far Rockaway | Kew Gardens | Flushing | Astoria | Brooklyn | Jamaica | Sunnyside","New York | Queens | Kings | Richmond | Bronx","527","Find official domain, then audit careers/jobs pages for detailed solar offers."
"Nexamp Inc","nexamp","124","28","22","2026-02-18","2026-07-13","Mount Kisco | New Hampton | Sparrow Bush | Warwick | Middletown | Accord | Goshen | Bloomingburg","Westchester | Orange | Ulster | Albany | Greene | Dutchess | Columbia | Rensselaer","340","Find official domain, then audit careers/jobs pages for detailed solar offers."
"Madison Energy Holding LLC","madison energy holding","24","22","12","2026-05-08","2026-06-24","Altamont | Malone | Evans Mills | Binghamton | Cortland | Memphis | Elmira | Cazenovia","Albany | Franklin | Jefferson | Broome | Cortland | Onondaga | Chemung | Madison","236","Find official domain, then audit careers/jobs pages for detailed solar offers."
"Catalyze Holdings, LLC","catalyze holdings","51","20","17","2024-01-06","2026-02-13","College Point | Maspeth | Selkirk | Hermon | Altona | Potsdam | Mohawk | Newark","Queens | Albany | St Lawrence | Clinton | Herkimer | Wayne | Onondaga | Montgomery","261","Find official domain, then audit careers/jobs pages for detailed solar offers."
"Distributed Asset Solutions LLC","distributed asset solutions","58","20","13","2026-01-17","2026-06-08","Pine Bush | Wallkill | Woodbourne | Ferndale | Hudson | Waterford | Mooers Forks | Ballston Spa","Ulster | Sullivan | Columbia | Saratoga | Clinton | Tioga | Tompkins | Cayuga","249","Find official domain, then audit careers/jobs pages for detailed solar offers."
"RIC Development, LLC","ric development","17","17","16","2026-06-17","","Clinton | Coeymans Hollow | Voorheesville | Natural Bridge | Oswego | Williamstown | Ontario | Newark","Oneida | Albany | Jefferson | Oswego | Wayne | Erie | Steuben | Niagara","201","Find official domain, then audit careers/jobs pages for detailed solar offers."
"Bullrock Corporation","bullrock","29","16","13","2026-04-21","2026-05-20","East Bloomfield | Bennington | Campbell | Mohegan Lake | Ferndale | Middletown | Stamford | Catskill","Ontario | Wyoming | Steuben | Westchester | Sullivan | Orange | Delaware | Greene","196","Find official domain, then audit careers/jobs pages for detailed solar offers."
"BEST ENERGY POWER","best energy power","610","15","78","2026-04-01","2026-07-31","East Hampton | Ronkonkoma | Port Jefferson Station | Riverhead | Amityville | Massapequa | Westbury | Great Neck","Suffolk | Nassau | Queens | Kings | Richmond | New York | Bronx | Westchester","404","Find official domain, then audit careers/jobs pages for detailed solar offers."
"PowerFlex Solar, LLC","powerflex solar","77","14","10","2026-04-15","2025-09-03","Ronkonkoma | Holtsville | Islip Terrace | Hauppauge | Sayville | Westbury | Mineola | Port Washington","Suffolk | Nassau | Queens | Kings | Richmond | Bronx | Westchester | Orange","192","Find official domain, then audit careers/jobs pages for detailed solar offers."
"Green Street Power Partners, LLC","green street power partners","432","13","11","2026-01-28","2026-07-07","Shoreham | Oyster Bay | Massapequa | Fresh Meadows | College Point | Jamaica | Ozone Park | Rockaway Park","Suffolk | Nassau | Queens | Kings | Richmond | Bronx | New York | Westchester","187","Find official domain, then audit careers/jobs pages for detailed solar offers."
"Lightstar Renewables LLC","lightstar renewables","13","13","8","2026-06-17","","Montgomery | Ulster | Slate Hill | New Windsor | Walden | Chester | Hannacroix | Florida","Orange | Ulster | Greene | Dutchess | Saratoga | Jefferson","141","Find official domain, then audit careers/jobs pages for detailed solar offers."
"Generate Capital","generate capital","98","12","22","2025-01-15","2026-06-10","Crown Point | Lyons | Baldwinsville | Westtown | Otisville | Port Jervis | Montgomery | Goshen","Essex | Wayne | Onondaga | Orange | Sullivan | Greene | Albany | Ulster","212","Find official domain, then audit careers/jobs pages for detailed solar offers."
"AMS Construction Corp","ams construction","27","12","16","2025-12-10","2025-04-22","Astoria | Brooklyn | Staten Island | New York | Bronx | Germantown","Queens | Kings | Richmond | New York | Bronx | Columbia","171","Find official domain, then audit careers/jobs pages for detailed solar offers."
"Abundant Solar Power Inc.","abundant solar power","24","12","12","2026-05-20","2025-10-17","Middletown | Buffalo | Skaneateles Falls | Conklin | Cazenovia | Syracuse | East Syracuse | Elmira","Delaware | Erie | Onondaga | Broome | Madison | Chemung | Wayne | Monroe","156","Find official domain, then audit careers/jobs pages for detailed solar offers."
"RP New York Solar, LLC","rp new york solar","12","11","9","2026-02-18","2026-06-08","East Berne | Phoenix | Fulton | Central Square | Brewerton | Little Falls | Baldwinsville | Burt","Albany | Onondaga | Oswego | Herkimer | Niagara | Allegany | Cattaraugus","127","Find official domain, then audit careers/jobs pages for detailed solar offers."
"OYA SOLAR NY L.P.","oya solar ny l p","17","11","0","2022-09-13","2023-06-13","Watertown | Clayton | Constable | Pulaski | Baldwinsville | Burt | Piffard | Cattaraugus","Jefferson | Franklin | Oswego | Onondaga | Niagara | Livingston | Cattaraugus | Chautauqua","105","Find official domain, then audit careers/jobs pages for detailed solar offers."
"Dimension Energy LLC","dimension energy","19","10","7","2025-11-21","2026-06-23","Heuvelton | Galway | Canton | Lowville | New Woodstock | Skaneateles | Parish | Palmyra","St Lawrence | Saratoga | Lewis | Madison | Onondaga | Oswego | Wayne | Chenango","120","Find official domain, then audit careers/jobs pages for detailed solar offers."
"NSF EPC LLC","nsf epc","22","9","12","2026-05-29","2026-06-05","Fishers | Elbridge | Chateaugay | Ithaca | Endicott | Walworth | Norwich | Edmeston","Ontario | Onondaga | Franklin | Tompkins | Broome | Wayne | Chenango | Otsego","130","Find official domain, then audit careers/jobs pages for detailed solar offers."
"Seaboard Solar Holdings LLC","seaboard solar holdings","9","9","9","2026-01-28","","Valatie | East Greenbush | Waterford | Boonville | Gansevoort","Columbia | Rensselaer | Saratoga | Oneida","108","Find official domain, then audit careers/jobs pages for detailed solar offers."
"New Energy Equity LLC","new energy equity","12","9","7","2025-05-24","2026-07-14","Middletown | Moriah | Newark Valley | Sherburne | Depew | Buffalo | Houghton | Falconer","Orange | Essex | Tioga | Chenango | Erie | Allegany | Chautauqua","105","Find official domain, then audit careers/jobs pages for detailed solar offers."
"Bluewave Public Benefit Corp.","bluewave public benefit","9","9","6","2026-02-18","","Stamford | Fonda | Newport | Binghamton | Johnstown | Albion | Hornell","Delaware | Fulton | Herkimer | Broome | Orleans | Steuben","99","Find official domain, then audit careers/jobs pages for detailed solar offers."
"Scale Microgrid Solutions Operating, LLC","scale microgrid solutions operating","15","8","9","2024-08-23","2026-06-03","Bainbridge | Chemung | Amsterdam | Binghamton | Apalachin | Romulus","Chenango | Chemung | Montgomery | Fulton | Broome | Tioga | Seneca","106","Find official domain, then audit careers/jobs pages for detailed solar offers."
"SAFARI ENERGY","safari energy","82","8","8","2026-02-17","2022-12-09","Centereach | Riverhead | Ridge | Greenlawn | Bohemia | Huntington Station | Deer Park | Plainview","Suffolk | Nassau | Queens | Kings | Richmond | Bronx | New York | Westchester","138","Find official domain, then audit careers/jobs pages for detailed solar offers."
"Delaware River Solar, LLC","delaware river solar","18","7","7","2026-05-20","2024-12-19","Winfield | Erwin | Corning | Callicoon | Monticello | Woodridge | Narrowsburg | Dryden","Herkimer | Steuben | Sullivan | Tompkins | Chemung | Onondaga | Tioga | Oneida","95","Find official domain, then audit careers/jobs pages for detailed solar offers."
"NYSS LLC","nyss","1814","6","1496","2026-06-16","2026-07-30","Richmond Hill | Queens | Woodside | Melville | Babylon | Copiague | Central Islip | Blue Point","Queens | Suffolk | Nassau | Kings | Richmond | Bronx | New York | Westchester","4586","Find official domain, then audit careers/jobs pages for detailed solar offers."
"Sustainable Energy Developments (DBA GreenSpark Solar)","sustainable energy developments dba greenspark solar","1524","6","433","2026-04-21","2026-07-24","Canandaigua | Sodus | Webster | Macedon | Ontario | Weedsport | Walworth | Williamson","Ontario | Wayne | Monroe | Cayuga | Onondaga | Tompkins | Oneida | Otsego","1397","Find official domain, then audit careers/jobs pages for detailed solar offers."
"ASA Holdings NY I LLC (dba for Puresky HoldCo, Inc)","asa holdings ny i dba for puresky holdco","34","6","6","2025-04-24","2026-04-16","Castleton on Hudson | Troy | Hudson | Nassau | Corinth | Clayton | Richville | Hermon","Rensselaer | Columbia | Saratoga | Jefferson | St Lawrence | Warren | Schenectady | Oneida","100","Find official domain, then audit careers/jobs pages for detailed solar offers."
"AES Distributed Energy, Inc.","aes distributed energy","39","6","2","2025-12-10","2026-07-13","Middletown | Otisville | Goshen | Walden | Montgomery | Rock Tavern | Pleasant Valley | Troy","Orange | Dutchess | Rensselaer | Washington | Columbia | Schenectady | Jefferson | Saratoga","93","Find official domain, then audit careers/jobs pages for detailed solar offers."
"Emes Solar","emes solar","230","5","124","2026-05-08","2026-06-22","Far Rockaway | Atlantic Beach | Lawrence | Oakland Gardens | Long Beach | South Richmond Hill | Bayside | Flushing","Queens | Nassau | Kings | Richmond | Bronx | New York | Westchester | Rockland","462","Find official domain, then audit careers/jobs pages for detailed solar offers."
"Montante Solar","montante solar","100","5","30","2026-03-06","2026-03-19","Montgomery | Vernon | East Syracuse | Webster | Buffalo | Tonawanda | Albion | Niagara Falls","Orange | Oneida | Onondaga | Monroe | Erie | Orleans | Niagara | Chautauqua","180","Find official domain, then audit careers/jobs pages for detailed solar offers."
"U.S. Light Energy (dba for Solitude Solar, LLC)","u s light energy dba for solitude solar","9","5","5","2025-04-24","2022-09-23","Bloomingburg | Selkirk | Carthage | Chateaugay | Rexford | Red Creek | Albion","Orange | Albany | Jefferson | Franklin | Saratoga | Lewis | Cayuga | Orleans","64","Find official domain, then audit careers/jobs pages for detailed solar offers."
"Haugland Energy LLC","haugland energy","5","5","5","2025-08-15","","Staten Island","Richmond","60","Find official domain, then audit careers/jobs pages for detailed solar offers."
"Group-S LLC dba EN-POWER GROUP","group s dba en power group","5","5","0","2021-12-01","","Glen Oaks | Bellerose","Queens","45","Find official domain, then audit careers/jobs pages for detailed solar offers."
"Urban Energy Inc.","urban energy","18","4","7","2024-04-19","2024-12-12","Astoria | East Elmhurst | Brooklyn | Staten Island | Bronx | New York | Yonkers | Tuckahoe","Queens | Kings | Richmond | Bronx | New York | Westchester","71","Find official domain, then audit careers/jobs pages for detailed solar offers."
"IPPsolar Integration LLC","ippsolar integration","13","4","7","2024-12-11","2026-03-16","Bronx | Bedford | Yorktown Heights | Baldwin Place | Brewster | Purchase | Orangeburg | Cuddebackville","Bronx | Westchester | Putnam | Rockland | Orange | Ulster | Dutchess","66","Find official domain, then audit careers/jobs pages for detailed solar offers."
"Wildcat Renewables, LLC","wildcat renewables","11","4","4","2025-11-21","2024-09-12","Stuyvesant | Gouverneur | Oswego | East Syracuse | Lockport | Batavia | East Aurora | Marilla","Columbia | St Lawrence | Oswego | Onondaga | Niagara | Genesee | Erie","55","Find official domain, then audit careers/jobs pages for detailed solar offers."
"KSI III Devco, LLC","ksi iii devco","8","4","4","2025-12-10","2026-05-01","Stephentown | Glens Falls | Newfield | Palatine Bridge | Henrietta | Cassadaga | Ellicottville | Fredonia","Rensselaer | Warren | Tompkins | Montgomery | Monroe | Chautauqua | Cattaraugus","52","Find official domain, then audit careers/jobs pages for detailed solar offers."
"Finlo Solar","finlo solar","4","4","4","2025-06-04","","Kerhonkson | Whitesboro","Ulster | Oneida","48","Find official domain, then audit careers/jobs pages for detailed solar offers."
"AC Power, LLC","ac power","4","4","4","2026-03-26","","Queensbury | Syracuse | Depew | Tonawanda","Warren | Onondaga | Erie","48","Find official domain, then audit careers/jobs pages for detailed solar offers."
"Distributed Solar Operations, LLC","distributed solar operations","44","4","3","2023-12-14","2025-11-04","White Plains | Port Chester | West Harrison | Monroe | Bloomingburg | Walden | New Hampton | Swan Lake","Westchester | Orange | Sullivan | Ulster | Dutchess | Rensselaer | St Lawrence | Schenectady","85","Find official domain, then audit careers/jobs pages for detailed solar offers."
"Park Avenue Solar Solutions, LLC","park avenue solar solutions","4","4","2","2025-01-30","","Brooklyn | Germantown | Rensselaer | Mechanicville","Kings | Columbia | Rensselaer | Saratoga","42","Find official domain, then audit careers/jobs pages for detailed solar offers."
"Sky Solar Inc.","sky solar","4","4","0","2021-10-20","","Freehold | New Paltz | Saratoga Springs","Greene | Ulster | Saratoga","36","Find official domain, then audit careers/jobs pages for detailed solar offers."
"Kamtech Restoration Corp","kamtech restoration","2929","3","1738","2026-06-29","2026-07-29","Patchogue | Southampton | Jamaica | Queens | Rosedale | East Hampton | RICHMOND HILL | Richmond Hill","Suffolk | Queens | Nassau | Kings | Richmond | Bronx | New York | Westchester","5288","Find official domain, then audit careers/jobs pages for detailed solar offers."
"Solar Liberty","solar liberty","1125","3","490","2026-03-07","2026-07-24","Woodside | Long Island City | Brooklyn | Bronx | New York | Tuckahoe | Yonkers | Larchmont","Queens | Kings | Bronx | New York | Westchester | Putnam | Sullivan | Orange","1544","Find official domain, then audit careers/jobs pages for detailed solar offers."
"Active Solar Development, LLC","active solar development","106","3","17","2026-06-17","2026-05-05","New Windsor | Rensselaerville | West Fulton | West Coxsackie | Castleton on Hudson | Troy | Rensselaer | Schaghticoke","Orange | Albany | Schoharie | Greene | Rensselaer | Schenectady | Fulton | Saratoga","125","Find official domain, then audit careers/jobs pages for detailed solar offers."
"Pivot Energy Development LLC","pivot energy development","20","3","10","2024-01-06","2026-02-19","Flushing | Brooklyn | Bronx | Purchase | Evans Mills | Ticonderoga | Ogdensburg | Pulaski","Queens | Kings | Bronx | Westchester | Jefferson | Essex | St Lawrence | Oswego","74","Find official domain, then audit careers/jobs pages for detailed solar offers."
"38DN Contracting, LLC","38dn contracting","7","3","4","2026-06-17","2026-05-07","Wallkill | East Greenbush | Glenmont | Fulton | Skaneateles | New Hartford","Ulster | Rensselaer | Albany | Oswego | Onondaga | Oneida","43","Find official domain, then audit careers/jobs pages for detailed solar offers."
"ClearPath Energy LLC","clearpath energy","10","3","3","2026-02-18","2025-06-30","Monticello | Lowville | Tully | Little Falls | Poland | Corning","Sullivan | Lewis | Onondaga | Herkimer | Oneida | Steuben","43","Find official domain, then audit careers/jobs pages for detailed solar offers."
"Cipriani Energy Group Corp.","cipriani energy group","8","3","3","2026-04-10","2026-05-19","Plattsburgh | Malone | Champlain | Crown Point | Johnstown | Cortland","Clinton | Franklin | Essex | Montgomery | Cortland","41","Find official domain, then audit careers/jobs pages for detailed solar offers."
"Lodestar Energy","lodestar energy","6","3","3","2025-04-24","2021-06-16","New Windsor | Spencer | Johnson City | Nichols","Orange | Tioga | Broome","39","Find official domain, then audit careers/jobs pages for detailed solar offers."
"DVM Industries LLC","dvm industries","3","3","3","2026-05-18","","Long Island City | New York","Queens | New York","36","Find official domain, then audit careers/jobs pages for detailed solar offers."
"Elecnor Hawkeye LLC","elecnor hawkeye","3","3","3","2026-04-10","","Selkirk | Gansevoort | Homer","Albany | Saratoga | Cortland","36","Find official domain, then audit careers/jobs pages for detailed solar offers."
"TJA Clean Energy, LLC","tja clean energy","3","3","3","2026-01-17","","Hoosick Falls | Whitesboro","Rensselaer | Oneida","36","Find official domain, then audit careers/jobs pages for detailed solar offers."
"Kruger Energy (USA) Inc.","kruger energy usa","3","3","3","2024-05-31","","Rexford | Ballston Spa","Saratoga","36","Find official domain, then audit careers/jobs pages for detailed solar offers."
"Coral Reef Partners, LLC","coral reef partners","3","3","3","2025-11-21","","Cortland","Cortland","36","Find official domain, then audit careers/jobs pages for detailed solar offers."
"Standard Solar Inc","standard solar","19","3","2","2025-10-15","2025-10-30","Yonkers | Goshen | Slingerlands | Lowville | Philadelphia | Turin | Glenfield | Canastota","Westchester | Orange | Albany | Lewis | Jefferson | Madison | Niagara | Erie","49","Find official domain, then audit careers/jobs pages for detailed solar offers."
"Genie Solar, Inc.","genie solar","3","3","2","2026-03-26","","Delhi | Lansing | Perry","Delaware | Tompkins | Wyoming","33","Find official domain, then audit careers/jobs pages for detailed solar offers."
"Community Power Group, LLC","community power group","3","3","2","2025-12-10","","Fort Edward | Arkport","Washington | Steuben","33","Find official domain, then audit careers/jobs pages for detailed solar offers."
"CleanChoice Energy","cleanchoice energy","3","3","2","2025-12-10","","Little Falls | Clymer | Wellsville","Herkimer | Chautauqua | Allegany","33","Find official domain, then audit careers/jobs pages for detailed solar offers."
"CVE North America, Inc.","cve north america","14","3","1","2024-02-28","2025-04-09","Troy | Queensbury | Manlius | Albion | Sanborn | Brockport | Ransomville | Fredonia","Rensselaer | Warren | Onondaga | Orleans | Niagara | Monroe | Chautauqua","41","Find official domain, then audit careers/jobs pages for detailed solar offers."
"New Leaf Energy, Inc.","new leaf energy","3","3","1","2023-11-04","","Worcester | Mc Donough","Otsego | Chenango","30","Find official domain, then audit careers/jobs pages for detailed solar offers."
"Source Renewables LLC","source renewables","3","3","1","2025-12-10","","Homer | Buffalo","Cortland | Erie","30","Find official domain, then audit careers/jobs pages for detailed solar offers."
"THE GREEN PLUG LLC","the green plug","78","2","78","2026-07-17","2026-07-30","Queens | Brooklyn | Glen Oaks | Jamaica | Queens Village | East Meadow | Roslyn Heights | Floral Park","Queens | Kings | Nassau | Richmond | Bronx | Suffolk | New York","300","Find official domain, then audit careers/jobs pages for detailed solar offers."
"EVERGREEN ENERGY","evergreen energy","11","2","6","2026-01-21","2026-05-26","Brooklyn | Maspeth | Goshen | Lake Katrine","Kings | Queens | Orange | Ulster","45","Find official domain, then audit careers/jobs pages for detailed solar offers."
"Zuvan Renewables","zuvan renewables","3","2","3","2026-05-06","2025-09-30","Brooklyn | Bronx","Kings | Bronx","28","Find official domain, then audit careers/jobs pages for detailed solar offers."
"YOU SAVE GREEN INC","you save green","626","2","2","2023-01-13","2023-03-08","Shoreham | Mastic | Selden | Shirley | Centereach | East Setauket | Rocky Point | Mastic Beach","Suffolk | Nassau | Queens | Kings | Richmond | Bronx | New York | Westchester","72","Find official domain, then audit careers/jobs pages for detailed solar offers."
"C-TEC Solar LLC","c tec solar","3","2","2","2025-03-05","2017-10-03","New Lebanon | Delanson | Geneva","Columbia | Schenectady | Ontario","25","Find official domain, then audit careers/jobs pages for detailed solar offers."
"DG New York CS, LLC","dg new york cs","59","2","1","2023-11-29","2026-05-19","Otisville | Middletown | New Hampton | Hudson | Schaghticoke | Altamont | Troy | Clayton","Orange | Columbia | Rensselaer | Albany | Jefferson | Essex | Cortland | Onondaga","69","Find official domain, then audit careers/jobs pages for detailed solar offers."
"Algonquin Power Fund (America) Inc.","algonquin power fund america","6","2","1","2023-12-13","2025-11-13","Hartsdale | Cortlandt Manor | De Kalb Junction | Olean | Allegany","Westchester | St Lawrence | Cattaraugus","25","Find official domain, then audit careers/jobs pages for detailed solar offers."
"Emeren US LLC","emeren us","5","2","1","2025-10-31","2025-10-20","Middle Grove | Rome | Munnsville | Arkport | Whitesville","Saratoga | Oneida | Madison | Steuben | Allegany","24","Find official domain, then audit careers/jobs pages for detailed solar offers."
"SunPower Corporation, Systems","sunpower systems","4","2","0","2021-03-10","2021-01-08","Melville | Jamaica | Staten Island","Suffolk | Queens | Richmond","20","Find official domain, then audit careers/jobs pages for detailed solar offers."
"Empire Solar Solutions, LLC","empire solar solutions","4392","1","2393","2026-04-29","2026-07-28","Ancram | Mattituck | Selden | Ridge | Holbrook | East Hampton | Hampton Bays | Mastic Beach","Columbia | Suffolk | Queens | Nassau | Kings | Richmond | Bronx | Westchester","7237","Find official domain, then audit careers/jobs pages for detailed solar offers."
"Brooklyn SolarWorks, LLC","brooklyn solarworks","2998","1","1356","2026-05-20","2026-07-30","Queens | Brooklyn | MASPETH | BROOKLYN | Bayside | Flushing | Richmond Hill | Far Rockaway","Queens | Kings | Richmond | New York | Bronx","4126","Find official domain, then audit careers/jobs pages for detailed solar offers."
"Long Island Power Solutions","long island power solutions","2665","1","1273","2026-06-19","2026-07-30","Wading River | Rocky Point | Ridge | Riverhead | Medford | Selden | Yaphank | Sound Beach","Suffolk | Westchester | Nassau | Queens | Kings | Richmond | Bronx | Rockland","3877","Find official domain, then audit careers/jobs pages for detailed solar offers."
"Venture Home Solar, LLC","venture home solar","4327","1","1205","2026-06-17","2026-07-30","Shoreham | Shirley | East Hampton | Rocky Point | Manorville | Centereach | Farmingville | Westhampton","Suffolk | Richmond | Queens | Nassau | Kings | Bronx | New York | Westchester","3673","Find official domain, then audit careers/jobs pages for detailed solar offers."
"NYS Essential Power","nys essential power","1150","1","1146","2026-05-12","2026-07-31","South New Berlin | Westhampton Beach | Mastic | East Hampton | Ronkonkoma | Centereach | Yaphank | Patchogue","Chenango | Suffolk | Cattaraugus | Nassau | Queens | Kings | Richmond | Bronx","3496","Find official domain, then audit careers/jobs pages for detailed solar offers."
"New York State Solar Farm","new york state solar farm","1778","1","884","2026-04-18","2026-07-29","North Salem | Scarsdale | Tarrytown | Tuckahoe | White Plains | New Rochelle | Bronxville | Pleasantville","Westchester | Putnam | Rockland | Orange | Sullivan | Delaware | Ulster | Dutchess","2710","Find official domain, then audit careers/jobs pages for detailed solar offers."
"Mpower Solar LLC","mpower solar","661","1","632","2025-09-18","2026-07-08","Fresh Meadows | Jamaica | Whitestone | Richmond Hill | South Richmond Hill | Ozone Park | Bayside | Oakland Gardens","Queens | Kings | Richmond | Bronx | Westchester | Rockland","1954","Find official domain, then audit careers/jobs pages for detailed solar offers."
"Tesla Energy Operations Inc.","tesla energy operations","17514","1","490","2026-07-04","2026-07-31","Medford | Port Jefferson Station | Patchogue | Center Moriches | Centereach | Mastic Beach | Ridge | Rocky Point","Suffolk | Putnam | Nassau | Queens | Richmond | Bronx | Westchester | Rockland","1528","Find official domain, then audit careers/jobs pages for detailed solar offers."
"Voltaic Solaire","voltaic solaire","357","1","283","2026-06-02","2026-07-06","Jamaica | Saint Albans | South Ozone Park | Howard Beach | Kew Gardens | South Richmond Hill | Richmond Hill | Queens Village","Queens | Kings | Richmond | Bronx | New York | Westchester | Rockland | Orange","907","Find official domain, then audit careers/jobs pages for detailed solar offers."
"Onsite Energy, Inc.","onsite energy","220","1","211","2026-07-21","2026-07-13","Jamaica | Glen Oaks | Fresh Meadows | Springfield Gardens | Hollis | South Ozone Park | Ridgewood | Brooklyn","Queens | Kings | Richmond | Bronx | Westchester | Rockland | Putnam | Orange","691","Find official domain, then audit careers/jobs pages for detailed solar offers."
"Lighthouse Solar (dba for Sun Source Technologies)","lighthouse solar dba for sun source technologies","491","1","176","2026-02-19","2026-07-24","Garrison | Cold Spring | Carmel | Croton on Hudson | South Salem | Katonah | Brewster | Valley Cottage","Putnam | Westchester | Rockland | Sullivan | Orange | Ulster | Dutchess | Greene","586","Find official domain, then audit careers/jobs pages for detailed solar offers."
"Solar Done Right (dba for J Synergy Solar LLC)","solar done right dba for j synergy solar","247","1","144","2026-06-09","2026-07-30","Flushing | Queens | Corona | East Meadow | Oyster Bay | Inwood | West Hempstead | Syosset","Queens | Nassau | Kings | Richmond | Bronx | Rockland | Suffolk","490","Find official domain, then audit careers/jobs pages for detailed solar offers."
"Halco Renewable Energy (dba for Halcyon)","halco renewable energy dba for halcyon","577","1","127","2026-06-11","2026-07-24","Blossvale | Camden | Cleveland | Canandaigua | Cortland | Cincinnatus | Ithaca | Syracuse","Oneida | Ontario | Cortland | Tompkins | Onondaga | Madison | Wayne | Oswego","439","Find official domain, then audit careers/jobs pages for detailed solar offers."
"Advanced Solar Solutions","advanced solar solutions","75","1","75","2026-05-29","2026-07-30","Flushing | Elmhurst | Hollis | West Hempstead | Fresh Meadows | Oakland Gardens | South Richmond Hill | Bayside","Queens | Nassau | Kings | Bronx","283","Find official domain, then audit careers/jobs pages for detailed solar offers."
"Element Energy LLC","element energy","68","1","55","2025-12-09","2026-07-20","Stony Brook | Patchogue | Hampton Bays | Coram | Sag Harbor | Mattituck | Medford | Peconic","Suffolk | Nassau | Westchester","223","Find official domain, then audit careers/jobs pages for detailed solar offers."
"High Peaks Solar","high peaks solar","217","1","28","2025-10-18","2026-05-28","Middletown | Walton | Schoharie | Tannersville | Greenville | Cornwallville | Berne | Coeymans Hollow","Orange | Delaware | Schoharie | Greene | Albany | Columbia | Rensselaer | Dutchess","142","Find official domain, then audit careers/jobs pages for detailed solar offers."
"National Solar Technologies","national solar technologies","25","1","19","2026-05-08","2026-07-08","Stamford | Kingston | Delmar | Wilmington | East Syracuse | Red Creek | Oxford | Depew","Delaware | Ulster | Albany | Essex | Onondaga | Cayuga | Chenango | Erie","90","Find official domain, then audit careers/jobs pages for detailed solar offers."
"Bliss Solar, LLC","bliss solar","13","1","10","2026-05-28","2025-08-12","Corona | Jamaica | Ridgewood | Queens Village | Ozone Park | Astoria | Maspeth | Jackson Heights","Queens | Bronx | Westchester","51","Find official domain, then audit careers/jobs pages for detailed solar offers."
"G&S Solar (dba for G&S Operations LLC)","g s solar dba for g s operations","42","1","6","2025-01-30","2025-06-25","Ridgewood | Yonkers | Scarsdale | Rye | New Rochelle | West Harrison | Elmsford | Hastings on Hudson","Queens | Westchester","68","Find official domain, then audit careers/jobs pages for detailed solar offers."
"Plankton Energy","plankton energy","5","1","5","2026-04-02","2026-05-05","New York | Bronx | Elmsford | Poughkeepsie","New York | Bronx | Westchester | Dutchess","28","Find official domain, then audit careers/jobs pages for detailed solar offers."
"Green Power Developers LLC","green power developers","6","1","3","2025-03-25","2026-07-28","Middle Village | Ridgewood | Bronx | Central Valley | Suffern | Monsey","Queens | Bronx | Orange | Rockland","23","Find official domain, then audit careers/jobs pages for detailed solar offers."
"Solect Energy Development LLC","solect energy development","3","1","3","2025-05-16","2026-07-01","New Rochelle | Ballston Spa | Latham","Westchester | Saratoga | Albany","20","Find official domain, then audit careers/jobs pages for detailed solar offers."
"ForeFront Power, LLC","forefront power","27","1","1","2025-01-15","2022-08-08","East Elmhurst | Otisville | Westtown | Chester | Ellenville | Dover Plains | Schaghticoke | Altamont","Queens | Orange | Ulster | Dutchess | Rensselaer | Albany | Montgomery | Jefferson","38","Find official domain, then audit careers/jobs pages for detailed solar offers."
"Brookfield Renewable DG US Operations, LLC","brookfield renewable dg us operations","11","1","1","2023-11-29","2026-06-02","Hudson | Schenectady | Waterville | Cortland | Forestville | Fredonia","Columbia | Schenectady | Oneida | Cortland | Chautauqua","22","Find official domain, then audit careers/jobs pages for detailed solar offers."
"CSG PV I LLC","csg pv i","6","1","1","2023-01-26","2026-01-26","Canton | Copenhagen | Schenectady | Rome | Oswego | Albion","St Lawrence | Lewis | Schenectady | Oneida | Oswego | Orleans","17","Find official domain, then audit careers/jobs pages for detailed solar offers."
"RWE Clean Energy Asset Holdings Inc.","rwe clean energy asset holdings","18","1","0","2022-06-10","2023-02-09","White Plains | Rye | Putnam Valley | Valhalla | Ardsley | Mohegan Lake | Warwick | Kingston","Westchester | Putnam | Orange | Ulster | Columbia | Dutchess | Franklin","26","Find official domain, then audit careers/jobs pages for detailed solar offers."
"212 Solar Development LLC, New Leaf Energy","212 solar development new leaf energy","18","1","0","2021-09-08","2020-09-30","Goshen | Altamont | Whitehall | Amsterdam | North Creek | Champlain | Lisbon | Johnstown","Orange | Albany | Washington | Montgomery | Warren | Clinton | St Lawrence | Fulton","26","Find official domain, then audit careers/jobs pages for detailed solar offers."
"Ecogy Solar LLC","ecogy solar","9","1","0","2022-12-01","2025-08-12","Staten Island | Ossining | White Plains | Yorktown Heights | Briarcliff Manor | Croton on Hudson","Richmond | Westchester","17","Find official domain, then audit careers/jobs pages for detailed solar offers."
"SUNRUN, INC","sunrun","24451","0","6783","2025-12-11","2026-07-28","Calverton | Mastic | Selden | Center Moriches | Montauk | Coram | Southampton | Lake Grove","Suffolk | Westchester | Queens | Orange | Nassau | Kings | Richmond | Bronx","20399","Find official domain, then audit careers/jobs pages for detailed solar offers."
"IGS Solar, LLC","igs solar","6697","0","3790","2025-12-12","2026-07-28","Staten Island | New Hyde Park | Jamaica | Queens Village | South Richmond Hill | Richmond Hill | South Ozone Park | Little Neck","Richmond | Nassau | Queens | Kings | Bronx | Westchester | Rockland | Putnam","11420","Find official domain, then audit careers/jobs pages for detailed solar offers."
"PlugPV, LLC","plugpv","5529","0","3461","2026-05-21","2026-07-30","Geneva | Astoria | Cambria Heights | Bronx | Port Chester | Hawthorne | Scarsdale | White Plains","Seneca | Queens | Bronx | Westchester | Putnam | Rockland | Dutchess | Orange","10433","Find official domain, then audit careers/jobs pages for detailed solar offers."
"Infinity Solar Systems LLC","infinity solar systems","3075","0","1923","2026-03-13","2026-07-21","Port Chester | Glen Oaks | Howard Beach | Bayside | Queens Village | Astoria | Brooklyn | Staten Island","Westchester | Queens | Kings | Richmond | Bronx | Putnam | Rockland | Orange","5819","Find official domain, then audit careers/jobs pages for detailed solar offers."
"Momentum Solar (dba for Pro Custom Solar LLC)","momentum solar dba for pro custom solar","3363","0","1824","2026-06-15","2026-07-17","QUEENS | Mastic Beach | South Richmond Hill | Howard Beach | Jamaica | Ronkonkoma | Massapequa | Deer Park","Queens | Suffolk | Nassau | Kings | Richmond | Bronx | Westchester | Rockland","5522","Find official domain, then audit careers/jobs pages for detailed solar offers."
"SuNation Solar Systems, Inc.","sunation solar systems","4378","0","1304","2026-06-17","2026-07-30","Cutchogue | Holtsville | Ronkonkoma | East Hampton | Medford | Hampton Bays | Shirley | Center Moriches","Suffolk | Queens | Nassau | Kings | Richmond | Bronx | Westchester | Rockland","3962","Find official domain, then audit careers/jobs pages for detailed solar offers."
"Kasselman Solar LLC","kasselman solar","3862","0","1192","2026-06-08","2026-07-24","Centereach | White Plains | Yonkers | Mamaroneck | Dobbs Ferry | Scarsdale | New Rochelle | Pelham","Suffolk | Westchester | Rockland | Putnam | Orange | Sullivan | Delaware | Greene","3626","Find official domain, then audit careers/jobs pages for detailed solar offers."
"TRINITY SOLAR","trinity solar","2196","0","940","2026-01-23","2026-03-26","Shirley | Rocky Point | Holbrook | Southampton | Medford | Lake Grove | Centereach | Patchogue","Suffolk | Nassau | Queens | Kings | Richmond | Bronx | New York | Westchester","2870","Find official domain, then audit careers/jobs pages for detailed solar offers."
"SUNPOWER CAPITAL LLC","sunpower capital","10904","0","842","2024-07-10","2025-08-14","Centereach | Peconic | Sound Beach | Farmingville | Patchogue | Lake Grove | Water Mill | Ronkonkoma","Suffolk | Nassau | Queens | Kings | Richmond | Bronx | New York | Westchester","2576","Find official domain, then audit careers/jobs pages for detailed solar offers."
"EmPower Solar","empower solar","2356","0","709","2025-10-28","2026-03-17","Sayville | Holbrook | Sag Harbor | Greenport | Coram | East Hampton | Cutchogue | Westhampton Beach","Suffolk | Nassau | Queens | Kings | Richmond | Bronx | New York | Westchester","2177","Find official domain, then audit careers/jobs pages for detailed solar offers."
"Sunnova Energy Corp.","sunnova energy","2052","0","661","2025-05-21","2026-02-11","Medford | Selden | Holtsville | Rocky Point | Mattituck | Brentwood | Islandia | Sayville","Suffolk | Nassau | Queens | Kings | Richmond | Bronx | Westchester | Rockland","2033","Find official domain, then audit careers/jobs pages for detailed solar offers."
"3rd ROC Solar LLC","3rd roc solar","810","0","558","2026-03-11","2026-06-30","Argyle | Trumansburg | Williamson | Newark | Canandaigua | Ontario | Webster | Baldwinsville","Washington | Tompkins | Wayne | Ontario | Monroe | Onondaga | Chemung | Cayuga","1724","Find official domain, then audit careers/jobs pages for detailed solar offers."
"Surf Clean Energy Inc","surf clean energy","786","0","440","2026-06-24","2026-07-21","Medford | Ronkonkoma | Centereach | Coram | Port Jefferson Station | Middle Island | Sound Beach | Mastic Beach","Suffolk | Nassau | Queens | Kings | Richmond | Bronx | Westchester | Schoharie","1370","Find official domain, then audit careers/jobs pages for detailed solar offers."
"HARVEST POWER","harvest power","1215","0","395","2026-04-21","2026-07-22","Rocky Point | Holbrook | Centereach | Patchogue | East Hampton | Selden | Farmingville | Ronkonkoma","Suffolk | Queens | Nassau | Kings | Richmond | Bronx | Westchester | Orange","1235","Find official domain, then audit careers/jobs pages for detailed solar offers."
"CIR Electrical Construction Corp.","cir electrical construction","1257","0","329","2026-03-31","2026-07-01","Castleton on Hudson | Webster | Smyrna | Macedon | Stanley | Walworth | Tonawanda | Buffalo","Rensselaer | Monroe | Chenango | Wayne | Ontario | Erie | Niagara | Genesee","1037","Find official domain, then audit careers/jobs pages for detailed solar offers."
"Hytech Solar Inc","hytech solar","568","0","272","2026-04-25","2026-06-29","Mastic Beach | Mastic | Amagansett | Mattituck | Ridge | Holtsville | Coram | Ronkonkoma","Suffolk | Nassau | Queens | Kings | Richmond | Bronx | Westchester","866","Find official domain, then audit careers/jobs pages for detailed solar offers."
"SOLANTA CORP","solanta","364","0","218","2026-05-08","2026-07-15","Astoria | East Meadow | Hicksville | Glen Cove | New Hyde Park | Jamaica | Fresh Meadows | South Richmond Hill","Queens | Nassau | Kings | Richmond | Bronx | New York | Westchester | Rockland","704","Find official domain, then audit careers/jobs pages for detailed solar offers."
"Renovus Energy, Inc","renovus energy","1355","0","203","2026-06-11","2026-07-29","Livingston Manor | Cooperstown | Treadwell | Bloomville | Hamden | East Berne | Worcester | Walton","Sullivan | Otsego | Delaware | Albany | Tompkins | Ulster | Saratoga | Fulton","659","Find official domain, then audit careers/jobs pages for detailed solar offers."
"SunCommon (dba for SolarCommunities Inc.)","suncommon dba for solarcommunities","821","0","202","2025-12-22","2026-02-06","Mahopac | Cold Spring | Brewster | Garrison | Carmel | Putnam Valley | Warwick | Highland Mills","Putnam | Orange | Sullivan | Rockland | Dutchess | Greene | Ulster | Delaware","656","Find official domain, then audit careers/jobs pages for detailed solar offers."
"J.B.I Construction Group INC?","j b i construction group","275","0","196","2025-10-10","2026-06-16","South Richmond Hill | Fresh Meadows | Hollis | Howard Beach | Valley Stream | Jamaica | Queens Village | Glen Oaks","Queens | Nassau | Kings | Richmond | Bronx","638","Find official domain, then audit careers/jobs pages for detailed solar offers."
"Amergy Solar Inc.","amergy solar","643","0","195","2026-03-13","2026-06-02","Queens | Flushing | Hampton Bays | Fresh Meadows | Oakland Gardens | Little Neck | Bayside | Whitestone","Queens | Suffolk | Kings | Richmond | Bronx | Westchester","635","Find official domain, then audit careers/jobs pages for detailed solar offers."
"AEC Energy Corp./American Energy Care","aec energy american energy care","595","0","193","2026-02-09","2026-07-24","Bronxville | Carmel | Garrison | West Coxsackie | Westerlo | Athens | Jewett | Summit","Westchester | Putnam | Greene | Albany | Schoharie | Dutchess | Delaware | Otsego","629","Find official domain, then audit careers/jobs pages for detailed solar offers."
"Quest Home Improvement Inc. dba Quest Solar","quest home improvement dba quest solar","235","0","171","2025-07-22","2026-02-06","Richmond Hill | Ozone Park | Jamaica | Hollis | Fresh Meadows | Howard Beach | Bellerose | South Richmond Hill","Queens | Kings | Richmond | Bronx | New York | Westchester | Rockland | Putnam","563","Find official domain, then audit careers/jobs pages for detailed solar offers."
"Patriot Energy Solutions Corp.","patriot energy solutions","373","0","161","2026-01-09","2026-02-24","Lake Grove | Medford | Shirley | Ronkonkoma | Port Jefferson Station | Farmingville | East Moriches | Moriches","Suffolk | Nassau | Queens | Kings | Richmond | Bronx | New York | Westchester","533","Find official domain, then audit careers/jobs pages for detailed solar offers."
"SunBlue Energy (dba for Florenton River LLC)","sunblue energy dba for florenton river","599","0","139","2026-03-18","2026-06-17","Jamaica | Ridgewood | Cambria Heights | Queens Village | Astoria | Sunnyside | Brooklyn | Staten Island","Queens | Kings | Richmond | Bronx | New York | Westchester | Rockland | Putnam","467","Find official domain, then audit careers/jobs pages for detailed solar offers."
"Sea Bright Solar","sea bright solar","468","0","127","2026-06-24","2026-07-20","Staten Island | Flushing | Bayside | Little Neck | Oakland Gardens | Jamaica | Ozone Park | Queens Village","Richmond | Queens | Kings | Bronx | New York | Westchester | Orange | Sullivan","431","Find official domain, then audit careers/jobs pages for detailed solar offers."
"Apex Energy Tek LLC","apex energy tek","1760","0","118","2026-02-04","2026-05-05","Hartsdale | Scarsdale | Mount Vernon | Mamaroneck | New Rochelle | Yonkers | Tarrytown | White Plains","Westchester | Rockland | Putnam | Orange | Sullivan | Albany | Ulster | Otsego","404","Find official domain, then audit careers/jobs pages for detailed solar offers."
"Rivertown Solar LLC","rivertown solar","116","0","116","2026-06-29","2026-07-30","Yonkers | Far Rockaway | Fresh Meadows | Ozone Park | Jamaica | South Ozone Park | Hollis | Brooklyn","Westchester | Queens | Kings | Bronx | Dutchess | Rockland","398","Find official domain, then audit careers/jobs pages for detailed solar offers."
"Nickels Energy Solutions, LLC","nickels energy solutions","320","0","110","2026-07-16","2026-07-21","Phoenix | Elmsford | Lee Center | Lowville | Camden | Fayetteville | Chittenango | Baldwinsville","Oswego | Westchester | Oneida | Lewis | Onondaga | Madison | Cayuga | Cortland","380","Find official domain, then audit careers/jobs pages for detailed solar offers."
"Leviathan Solar Inc","leviathan solar","110","0","110","2026-01-30","2026-05-11","Patchogue | Ronkonkoma | Port Jefferson Station | Holbrook | Farmingville | Middle Island | Westhampton | Selden","Suffolk | Nassau","380","Find official domain, then audit careers/jobs pages for detailed solar offers."
"Green Logic LLC","green logic","943","0","104","2026-02-20","2026-07-28","Water Mill | Center Moriches | Mattituck | Lake Grove | Patchogue | Shelter Island | Hampton Bays | East Hampton","Suffolk | Nassau | Queens | Kings | New York | Bronx | Westchester","362","Find official domain, then audit careers/jobs pages for detailed solar offers."
"Green Hybrid Energy Solutions","green hybrid energy solutions","288","0","104","2026-03-26","2026-07-27","Southampton | Astoria | Brooklyn | Bronx | Staten Island | New York | Hartsdale | Irvington","Suffolk | Queens | Kings | Bronx | Richmond | New York | Westchester | Putnam","362","Find official domain, then audit careers/jobs pages for detailed solar offers."
"Alternative Power Solutions of NY, LLC","alternative power solutions of ny","518","0","94","2025-12-17","2026-06-12","Arkville | East Durham | East Berne | Kingston | Milton | Valatie | Pine Plains | Canaan","Delaware | Greene | Albany | Ulster | Columbia | St Lawrence | Essex | Jefferson","332","Find official domain, then audit careers/jobs pages for detailed solar offers."
"Tri-State Solar Services LLC","tri state solar services","133","0","82","2025-12-09","2026-05-07","Bayside | Howard Beach | Queens Village | Ozone Park | Saint Albans | Bellerose | Staten Island | Bronx","Queens | Richmond | Bronx | New York | Westchester | Rockland | Putnam | Sullivan","296","Find official domain, then audit careers/jobs pages for detailed solar offers."
"Solar Pro Inc","solar pro","77","0","77","2026-04-27","2026-06-22","New Hyde Park | Richmond Hill | Flushing | Jamaica | South Ozone Park | College Point | Floral Park | Brooklyn","Nassau | Queens | Kings | Bronx | Rockland | Richmond | Saratoga","281","Find official domain, then audit careers/jobs pages for detailed solar offers."
"My Solar Grid","my solar grid","692","0","70","2025-09-04","2025-12-05","Trumansburg | Brooklyn | Tarrytown | Dobbs Ferry | Cold Spring | Pound Ridge | Armonk | Briarcliff Manor","Schuyler | Kings | Westchester | Putnam | Orange | Sullivan | Rockland | Ulster","260","Find official domain, then audit careers/jobs pages for detailed solar offers."
"Integrity Solar Solutions, LLC","integrity solar solutions","194","0","70","2026-01-21","2026-03-03","Fresh Meadows | Jamaica | Brooklyn | Bronx | Pelham | Rye | Port Chester | Bronxville","Queens | Kings | Bronx | Westchester | Rockland | Putnam | Orange | Sullivan","260","Find official domain, then audit careers/jobs pages for detailed solar offers."
"Finger Lakes Power Systems LLC DBA QwikSolar","finger lakes power systems dba qwiksolar","409","0","68","2026-04-23","2026-07-13","Romulus | Himrod | Geneva | Canandaigua | Newark | Auburn | Newfield | Clyde","Seneca | Yates | Ontario | Wayne | Cayuga | Tompkins | Chemung | Onondaga","254","Find official domain, then audit careers/jobs pages for detailed solar offers."
"Greenpoint Solar & Electrical, Inc.","greenpoint solar electrical","68","0","68","2026-03-31","2026-07-27","Mount Vernon | Larchmont | Scarsdale | Yonkers | Pelham | Chappaqua | Katonah | Mohegan Lake","Westchester | Rockland | Orange | Sullivan | Ulster | Dutchess | Albany | Rensselaer","254","Find official domain, then audit careers/jobs pages for detailed solar offers."
"Albany Solar Solutions L.L.C.","albany solar solutions","164","0","66","2025-09-26","2026-07-28","Gilboa | Medusa | Cobleskill | Jewett | Schoharie | Shokan | Ravena | Altamont","Schoharie | Albany | Greene | Ulster | Otsego | Columbia | Dutchess | Rensselaer","248","Find official domain, then audit careers/jobs pages for detailed solar offers."
"SI Solar (dba for Ficazzola Consulting)","si solar dba for ficazzola consulting","165","0","65","2026-05-02","2026-06-30","Springfield Gardens | Brooklyn | Staten Island | Monroe | Highland Mills | Port Jervis","Queens | Kings | Richmond | Orange","245","Find official domain, then audit careers/jobs pages for detailed solar offers."
"Hudson River Renewables","hudson river renewables","150","0","65","2026-04-28","2026-07-24","Germantown | Carmel | Mahopac | Pomona | Warwick | Cornwall on Hudson | Rensselaerville | Saugerties","Columbia | Putnam | Rockland | Orange | Albany | Ulster | Greene | Delaware","245","Find official domain, then audit careers/jobs pages for detailed solar offers."
"Sunrise Energy Corp.","sunrise energy","330","0","64","2026-03-12","2026-07-09","Medford | Selden | Miller Place | Ronkonkoma | Centereach | Patchogue | East Moriches | Brentwood","Suffolk | Nassau","242","Find official domain, then audit careers/jobs pages for detailed solar offers."
"Paradise Energy Solutions, LLC","paradise energy solutions","276","0","61","2026-05-06","2026-06-30","Middletown | Cuddebackville | Port Jervis | New Windsor | Warwick | Pine Island | Wallkill | Washingtonville","Orange | Ulster | Otsego | Greene | Dutchess | Schoharie | Sullivan | Columbia","233","Find official domain, then audit careers/jobs pages for detailed solar offers."
"Fusion Energy Services, LLC","fusion energy services","144","0","61","2026-01-07","2026-05-21","Greenwich | Canandaigua | Pennellville | Endicott | Clifton Springs | Rushville | Oneida | Central Square","Washington | Ontario | Oswego | Tioga | Oneida | Wayne | Cayuga | Tompkins","233","Find official domain, then audit careers/jobs pages for detailed solar offers."
"Solar Generation (dba for Eiger 3970 Consultants Inc.)","solar generation dba for eiger 3970 consultants","295","0","60","2025-01-03","2026-04-28","Brewster | Peekskill | Saugerties | Woodstock | West Hurley | Kingston | Bloomville | Boiceville","Putnam | Westchester | Ulster | Delaware | Greene | Dutchess | Sullivan | Columbia","230","Find official domain, then audit careers/jobs pages for detailed solar offers."
"Geotherm Inc","geotherm","200","0","60","2025-11-22","2026-04-29","Ithaca | Canandaigua | West Monroe | Palmyra | Webster | Walworth | Marion | Ontario","Tompkins | Ontario | Oswego | Wayne | Monroe | Cayuga | Livingston | Orleans","230","Find official domain, then audit careers/jobs pages for detailed solar offers."
"Revolution Solar (dba for Doherty Electric)","revolution solar dba for doherty electric","124","0","53","2025-10-28","2026-04-21","Cooperstown | South Kortright | Schenevus | Cherry Valley | Worcester | Cobleskill | Middleburgh | Margaretville","Otsego | Delaware | Schoharie | Greene | Herkimer | Madison | Chenango | Oneida","209","Find official domain, then audit careers/jobs pages for detailed solar offers."
"Smart Home Energy Source","smart home energy source","125","0","52","2026-02-13","2026-05-06","Middle Island | Miller Place | Ronkonkoma | Montauk | Holtsville | Lake Grove | Mattituck | Selden","Suffolk | Nassau | Queens | Kings | Richmond | Bronx | Putnam","206","Find official domain, then audit careers/jobs pages for detailed solar offers."
"Sunrise Solar Solutions, LLC","sunrise solar solutions","728","0","46","2024-06-14","2025-01-30","Cutchogue | Port Chester | Hempstead | Bronx | Hastings on Hudson | Pleasantville | Larchmont | Mount Vernon","Suffolk | Westchester | Nassau | Bronx | Rockland | Putnam | Orange | Greene","188","Find official domain, then audit careers/jobs pages for detailed solar offers."
"Brooklyn Solar Partners LLC","brooklyn solar partners","126","0","36","2025-04-02","2026-02-02","Jamaica | South Richmond Hill | Howard Beach | Ozone Park | Springfield Gardens | Saint Albans | South Ozone Park | Rosedale","Queens | Kings | Richmond | Bronx | Westchester | Ulster","158","Find official domain, then audit careers/jobs pages for detailed solar offers."
"New Leaf Solar LLC","new leaf solar","61","0","35","2025-09-22","2026-05-28","Berne | West Kill | Greenville | Millbrook | Peru | Ticonderoga | Chestertown | Putnam Station","Albany | Greene | Dutchess | Clinton | Essex | Warren | Washington | Fulton","155","Find official domain, then audit careers/jobs pages for detailed solar offers."
"Sungineer Solar (dba for Bashing Panels LLC)","sungineer solar dba for bashing panels","74","0","34","2026-07-09","2026-07-29","Ithaca | Harrison | Trumansburg | Aurora | Newfield | Brooktondale | Slaterville Springs | Candor","Tompkins | Westchester | Cayuga | Tioga | Onondaga | Chemung | Madison | Cortland","152","Find official domain, then audit careers/jobs pages for detailed solar offers."
"GAF Energy LLC","gaf energy","32","0","32","2024-09-19","2025-02-03","Irvington | Port Chester | Brewster | Somers | Middletown | Kerhonkson | Hopewell Junction | Lagrangeville","Westchester | Putnam | Orange | Ulster | Dutchess | Wayne | Onondaga | Monroe","128","Find official domain, then audit careers/jobs pages for detailed solar offers."
"Hudson Solar Solutions LLC","hudson solar solutions","32","0","32","2026-02-10","2026-07-03","Accord | Gilboa | Boiceville | Rhinebeck | Red Hook | High Falls | Bearsville | Margaretville","Ulster | Schoharie | Dutchess | Delaware | Columbia | Albany | Rensselaer | Saratoga","128","Find official domain, then audit careers/jobs pages for detailed solar offers."
"Buffalo Solar Solutions, Inc.","buffalo solar solutions","527","0","31","2026-02-12","2026-07-27","Carmel | Cobleskill | Howes Cave | Fishkill | Dexter | Ontario | Skaneateles | Canandaigua","Putnam | Schoharie | Dutchess | Jefferson | Monroe | Onondaga | Ontario | Erie","143","Find official domain, then audit careers/jobs pages for detailed solar offers."
"Indent Builders Inc","indent builders","32","0","31","2026-02-02","2026-06-17","Howard Beach | Ridgewood | Brooklyn | Staten Island | Cold Spring | Mount Kisco | Red Hook | Washingtonville","Queens | Kings | Richmond | Putnam | Westchester | Dutchess | Orange","125","Find official domain, then audit careers/jobs pages for detailed solar offers."
"DMV EQUITY, INC.","dmv equity","74","0","29","2025-08-08","2025-12-30","South Ozone Park | Astoria | Staten Island | Bronx | New Rochelle | Yonkers | Tarrytown | Mamaroneck","Queens | Richmond | Bronx | Westchester | Putnam | Rockland | Orange | Greene","137","Find official domain, then audit careers/jobs pages for detailed solar offers."
"Go Solar, LLC","go solar","49","0","29","2025-10-02","2025-12-29","Lockport | Lewiston | Burt | North Tonawanda | Lancaster | Barker | East Amherst | Stafford","Niagara | Erie | Genesee | Wyoming | Allegany | Cattaraugus | Chautauqua","136","Find official domain, then audit careers/jobs pages for detailed solar offers."
"VSG Power inc.","vsg power","29","0","29","2026-02-28","2026-07-01","Canandaigua | Buffalo | Lancaster | Angola | Holland | Rush | Orchard Park | Hamburg","Ontario | Erie | Monroe | Chautauqua | Cattaraugus","116","Find official domain, then audit careers/jobs pages for detailed solar offers."
"770 Electric Corp.","770 electric","114","0","26","2025-09-20","2026-04-22","Massapequa Park | Levittown | Bethpage | Fresh Meadows | Oakland Gardens | Far Rockaway | Richmond Hill | Howard Beach","Nassau | Queens | Kings | Richmond | New York | Bronx | Westchester","128","Find official domain, then audit careers/jobs pages for detailed solar offers."
"SolEnergy NY LLC","solenergy ny","26","0","26","2025-12-08","2026-07-01","Whitestone | Queens Village | Bronx | Scarsdale | Tarrytown | Hartsdale | Rye | Mount Vernon","Queens | Bronx | Westchester","104","Find official domain, then audit careers/jobs pages for detailed solar offers."
"Electricade LLC DBA Superior Solar USA","electricade dba superior solar usa","26","0","26","2025-05-31","2025-08-13","Mount Vernon | Patterson | Carmel | Slate Hill | Monroe | Spring Valley | Middletown | Liberty","Westchester | Putnam | Orange | Rockland | Sullivan | Ulster | Delaware | Dutchess","104","Find official domain, then audit careers/jobs pages for detailed solar offers."
"Croton Energy Group","croton energy group","108","0","25","2025-06-24","2025-09-04","Port Chester | New Rochelle | Rye | Tuckahoe | Hastings on Hudson | Larchmont | Dobbs Ferry | Pleasantville","Westchester | Putnam | Rockland | Rensselaer | Franklin | Warren | Essex | Hamilton","125","Find official domain, then audit careers/jobs pages for detailed solar offers."
"Solar One, Inc.","solar one","46","0","25","2025-10-29","2026-05-21","Far Rockaway | Little Neck | Flushing | Hollis | Jamaica | Maspeth | Middle Village | Brooklyn","Queens | Kings | Richmond | Bronx | Westchester | Suffolk","121","Find official domain, then audit careers/jobs pages for detailed solar offers."
"Solar Environment LLC","solar environment","25","0","25","2025-11-05","2026-06-11","Durham | East Berne | Claverack | Schaghticoke | Ballston Spa | Lake George | Saratoga Springs | Schenectady","Greene | Albany | Columbia | Rensselaer | Saratoga | Warren | Schenectady | Washington","100","Find official domain, then audit careers/jobs pages for detailed solar offers."
"Next Generation Solar, LLC","next generation solar","86","0","24","2024-07-12","2025-02-11","Winthrop | Camden | Dolgeville | Rensselaer Falls | Watertown | Morristown | Old Forge | Liverpool","St Lawrence | Oneida | Fulton | Jefferson | Herkimer | Onondaga | Cayuga | Oswego","122","Find official domain, then audit careers/jobs pages for detailed solar offers."
"Solarize Plus Inc","solarize plus","24","0","24","2026-02-25","2026-07-30","Brooklyn | Staten Island | Pomona | Spring Valley | Monroe | Highland Mills | Bronx | Mount Kisco","Kings | Richmond | Rockland | Orange | Bronx | Westchester","96","Find official domain, then audit careers/jobs pages for detailed solar offers."
"ADK Solar","adk solar","58","0","23","2025-12-11","2026-01-22","Rainbow Lake | Au Sable Forks | Schroon Lake | Saranac Lake | Bloomingdale | Chazy | Elizabethtown | Lake Clear","Franklin | Essex | Clinton | St Lawrence | Warren | Hamilton","119","Find official domain, then audit careers/jobs pages for detailed solar offers."
"Sunday Energy LLC","sunday energy","23","0","23","2025-12-03","2026-05-29","Brooklyn | Staten Island","Kings | Richmond","92","Find official domain, then audit careers/jobs pages for detailed solar offers."
"J&A Electrical Construction LLC","j a electrical construction","73","0","22","2024-11-20","2025-05-05","Saugerties | Ballston Spa | Rome | Boonville | Forestport | Camden | Taberg | Remsen","Ulster | Saratoga | Oneida | Onondaga | Otsego | Oswego | Herkimer | Hamilton","116","Find official domain, then audit careers/jobs pages for detailed solar offers."
"NxtPhase Solar Energy (dba for DCF Energy Group, LLC)","nxtphase solar energy dba for dcf energy group","28","0","19","2026-01-28","2026-06-04","Jefferson | Poestenkill | Albany | Altamont | Troy | Schenectady | Lake George | North Creek","Schoharie | Rensselaer | Albany | Schenectady | Warren | Oneida | Fulton","85","Find official domain, then audit careers/jobs pages for detailed solar offers."
"Marcor Construction, Inc","marcor construction","21","0","19","2026-05-08","2026-06-01","Coram | Centereach | Hampton Bays | Levittown | Mount Sinai | Islandia | Nesconset | Brentwood","Suffolk | Nassau","78","Find official domain, then audit careers/jobs pages for detailed solar offers."
"Proven Energy Systems LLC","proven energy systems","88","0","18","2025-10-11","2025-12-05","Redwood | Brier Hill | Evans Mills | Hammond | Clayton | Ogdensburg | Cape Vincent | Gouverneur","Jefferson | St Lawrence | Lewis","104","Find official domain, then audit careers/jobs pages for detailed solar offers."
"Ameresco, Inc.","ameresco","48","0","18","2025-09-23","2026-06-03","Brooklyn | Staten Island | Bronx | New York | Ossining | Carmel | Mahopac | Yorktown Heights","Kings | Richmond | Bronx | New York | Westchester | Putnam | Rockland | Orange","102","Find official domain, then audit careers/jobs pages for detailed solar offers."
"NY State Solar (dba for NYSS LLC)","ny state solar dba for nyss","1222","0","17","2024-08-13","2025-03-03","Centereach | Medford | East Setauket | Holbrook | Ronkonkoma | Manorville | Shoreham | Lake Grove","Suffolk | Nassau | Queens | Richmond | Kings","101","Find official domain, then audit careers/jobs pages for detailed solar offers."
"Centurion Solar Energy","centurion solar energy","22","0","17","2025-12-10","2026-05-14","West Islip | Central Islip | Little Neck | College Point | Forest Hills | Woodside | Astoria | Bellerose","Suffolk | Queens | Kings | Richmond | Bronx | Putnam","73","Find official domain, then audit careers/jobs pages for detailed solar offers."
"Discover Green Renewable Energy LLC","discover green renewable energy","21","0","17","2025-11-30","2026-02-12","Glen Cove | Bellmore | Woodmere | Oceanside | Brooklyn | Whitestone | Ridgewood | Flushing","Nassau | Kings | Queens | Richmond | Bronx | Westchester","72","Find official domain, then audit careers/jobs pages for detailed solar offers."
"Empire Solar Store (dba Wiltshire Renewable Energy Systems, LLC)","empire solar store dba wiltshire renewable energy systems","138","0","16","2025-11-08","2025-12-19","Cold Spring | Warwick | East Berne | Earlton | Catskill | Middleburgh | Saugerties | Ravena","Putnam | Orange | Albany | Greene | Schoharie | Ulster | Dutchess | Rensselaer","98","Find official domain, then audit careers/jobs pages for detailed solar offers."
"Autonomous Energies, LLC","autonomous energies","55","0","16","2025-12-11","2026-04-22","Verplanck | West Kill | Mount Tremper | Red Hook | Walden | Lake Katrine | Boiceville | Kingston","Westchester | Greene | Ulster | Dutchess | Orange | Columbia","98","Find official domain, then audit careers/jobs pages for detailed solar offers."
"Fourth Coast, Inc","fourth coast","250","0","15","2025-06-18","2026-05-14","La Fargeville | Morris | Clayton | Hammond | Cape Vincent | Gouverneur | Heuvelton | Boonville","Jefferson | Otsego | St Lawrence | Oneida | Franklin | Lewis | Onondaga | Oswego","95","Find official domain, then audit careers/jobs pages for detailed solar offers."
"Aries Power","aries power","35","0","15","2026-05-29","2026-06-23","New Rochelle | Schoharie | Red Hook | New Paltz | Tivoli | Schenectady | Gardiner | Troy","Westchester | Schoharie | Dutchess | Ulster | Albany | Rensselaer | Schenectady | Herkimer","80","Find official domain, then audit careers/jobs pages for detailed solar offers."
"Ecovis Group Inc","ecovis group","15","0","14","2023-12-28","2026-07-23","Buffalo | East Amherst","Erie","57","Find official domain, then audit careers/jobs pages for detailed solar offers."
"Solar Energy Systems, LLC","solar energy systems","182","0","13","2023-10-11","2025-12-02","Commack | Oakland Gardens | Bayside | Flushing | Richmond Hill | Kew Gardens | Jamaica | Little Neck","Suffolk | Queens | Kings | Richmond | New York | Bronx | Westchester | Rockland","89","Find official domain, then audit careers/jobs pages for detailed solar offers."
"John Mills Electric Inc.","john mills electric","124","0","13","2025-12-05","2026-05-06","Johnson City | Horseheads | Elmira | Pine City | Marathon | Vestal | Big Flats | Spencer","Broome | Chemung | Cortland | Tompkins | Tioga | Livingston | Ontario | Steuben","89","Find official domain, then audit careers/jobs pages for detailed solar offers."
"Jordan Energy & Food Enterprises, LLC","jordan energy food enterprises","21","0","13","2025-12-11","2026-02-10","Liberty | Walden | Goshen | Sharon Springs | New Paltz | Kingston | Salt Point | Hoosick Falls","Sullivan | Orange | Schoharie | Ulster | Dutchess | Rensselaer | Columbia | Saratoga","60","Find official domain, then audit careers/jobs pages for detailed solar offers."
"Solar Glory NY Inc","solar glory ny","13","0","13","2026-01-29","2026-06-17","Fresh Meadows | Ozone Park | Forest Hills | Flushing | Rego Park | Brooklyn | Queens Village","Queens | Kings","52","Find official domain, then audit careers/jobs pages for detailed solar offers."
"Sunrise Electrical Services LLC dba Sunrise Power Solutions","sunrise electrical services dba sunrise power solutions","125","0","12","2025-06-12","2026-06-24","East Setauket | Shelter Island | Miller Place | Holtsville | Lake Grove | Centereach | Stony Brook | Holbrook","Suffolk | Nassau | Queens | New York | Westchester | Putnam | Orange | Ulster","86","Find official domain, then audit careers/jobs pages for detailed solar offers."
"RWE Clean Energy Solutions Inc.","rwe clean energy solutions","58","0","12","2023-10-28","2024-06-20","Bellerose | Woodside | Brooklyn | Staten Island | Pelham | New Rochelle | Port Chester | Mamaroneck","Queens | Kings | Richmond | Westchester | Putnam | Rockland | Orange","86","Find official domain, then audit careers/jobs pages for detailed solar offers."
"REpower, LLC","repower","20","0","12","2025-04-08","2026-03-27","Woodside | Bronx | White Plains | New Rochelle | Port Chester | Tarrytown | Waccabuc","Queens | Bronx | Westchester","56","Find official domain, then audit careers/jobs pages for detailed solar offers."
"US Energy Concierge, Inc","us energy concierge","61","0","11","2024-11-13","2025-02-18","Cold Spring | Garrison | Cortlandt Manor | Carmel | Brewster | North Branch | Rock Tavern | New Hampton","Putnam | Westchester | Sullivan | Orange | Greene | Dutchess | Ulster | Rensselaer","83","Find official domain, then audit careers/jobs pages for detailed solar offers."
"1st Light Energy","1st light energy","1183","0","10","2025-03-19","2026-07-03","Massapequa | West Hempstead | Far Rockaway | College Point | South Richmond Hill | Lynbrook | Ozone Park | Fresh Meadows","Nassau | Queens | Kings | Richmond | Bronx | New York | Westchester | Rockland","80","Find official domain, then audit careers/jobs pages for detailed solar offers."
"Skyline Solar Inc.","skyline solar","196","0","9","2025-10-02","2025-10-31","Camden | Henderson | Alexandria Bay | Mexico | Hannibal | Central Square | Oswego | Fulton","Oneida | Jefferson | Oswego | Cayuga | Onondaga | Cortland | Madison | Herkimer","77","Find official domain, then audit careers/jobs pages for detailed solar offers."
"HORIZON SOLAR LLC","horizon solar","79","0","9","2025-10-31","2026-04-30","Southampton | Medford | Selden | Port Jefferson | Shirley | Centereach | Manorville | Patchogue","Suffolk | Nassau","77","Find official domain, then audit careers/jobs pages for detailed solar offers."
"East West Electric (dba for Buzzard's Ridge Group LLC)","east west electric dba for buzzard s ridge group","15","0","9","2025-11-04","2026-02-17","Schoharie | Cooperstown | Sharon Springs | Averill Park | Cropseyville | Petersburg | Sand Lake | Richville","Schoharie | Otsego | Rensselaer | St Lawrence | Delaware","42","Find official domain, then audit careers/jobs pages for detailed solar offers."
"OPAL ENERGY GROUP LLC","opal energy group","9","0","9","2026-03-13","2026-07-06","Pleasantville | Newburgh | Highland | Kingston | Medina | Ovid | Lakeville","Westchester | Orange | Ulster | Orleans | Seneca | Livingston","36","Find official domain, then audit careers/jobs pages for detailed solar offers."
"Sundog Solar, Inc.","sundog solar","181","0","8","2025-11-25","2026-04-14","Westerlo | Delanson | Hensonville | Elka Park | Ravena | Rhinebeck | Kingston | Altamont","Albany | Schoharie | Greene | Dutchess | Ulster | Delaware | Otsego | Columbia","74","Find official domain, then audit careers/jobs pages for detailed solar offers."
"EVO ENERGY INC","evo energy","8","0","8","2025-06-27","2025-11-05","New Windsor | Dover Plains | Marlboro | Poughkeepsie | Hyde Park | Jay | Penn Yan","Orange | Dutchess | Ulster | Essex | Yates","32","Find official domain, then audit careers/jobs pages for detailed solar offers."
"Upstate Alternative Energy","upstate alternative energy","110","0","7","2025-09-09","2025-10-30","Kirkville | Brewerton | Syracuse | Oswego | Phoenix | Pulaski | Marietta | Cazenovia","Onondaga | Oswego | Madison | Oneida | Cayuga | Jefferson | Cortland | Wayne","71","Find official domain, then audit careers/jobs pages for detailed solar offers."
"Green Visions Solar LLC","green visions solar","58","0","7","2023-10-20","2024-01-22","Woodgate | Blossvale | Constantia | Jamesville | Fulton | Cazenovia | Oswego | Manlius","Oneida | Oswego | Onondaga | Madison | Cayuga | Broome | Jefferson | Herkimer","71","Find official domain, then audit careers/jobs pages for detailed solar offers."
"Powerlutions","powerlutions","36","0","7","2024-09-05","2026-03-12","East Islip | Brooklyn | Long Island City | Pomona | Thiells | Garnerville | New City | Suffern","Suffolk | Kings | Queens | Rockland | Orange","57","Find official domain, then audit careers/jobs pages for detailed solar offers."
"Energy Brite Insulation and Solar Corp","energy brite insulation and solar","21","0","7","2026-03-31","2026-05-05","Brooklyn | Staten Island","Kings | Richmond","42","Find official domain, then audit careers/jobs pages for detailed solar offers."
"64 Solar LLC","64 solar","15","0","7","2025-06-04","2025-10-02","Jamaica | Port Chester | Mount Vernon | Carmel | Cortlandt Manor | Bedford Hills | Chappaqua | New City","Queens | Westchester | Putnam | Rockland | Orange","36","Find official domain, then audit careers/jobs pages for detailed solar offers."
"Solar Bear Energy LLC","solar bear energy","10","0","7","2024-11-22","2025-04-02","Westtown | Cornwall | Woodridge | Bloomingburg | Livingston Manor | Goshen | Highland Lake | Glen Spey","Orange | Sullivan","31","Find official domain, then audit careers/jobs pages for detailed solar offers."
"Finger Lakes Renewable Energy, LLC","finger lakes renewable energy","109","0","6","2025-05-28","2025-10-06","Auburn | Ithaca | Binghamton | Trumansburg | Freeville | Vestal | Spencer | Lansing","Cayuga | Tompkins | Broome | Onondaga | Madison | Tioga | Cortland | Steuben","68","Find official domain, then audit careers/jobs pages for detailed solar offers."
"SUNGAIN LLC","sungain","6","0","6","2025-06-18","2025-08-07","Staten Island","Richmond","24","Find official domain, then audit careers/jobs pages for detailed solar offers."
"Freedom Solar","freedom solar","259","0","5","2024-05-30","2026-04-14","Flushing | Jackson Heights | Scarsdale | Cortlandt Manor | Ellenville | Wappingers Falls | Albany | Blossvale","Queens | Westchester | Ulster | Dutchess | Albany | Oneida | Saratoga | Clinton","65","Find official domain, then audit careers/jobs pages for detailed solar offers."
"altPower, Inc.","altpower","88","0","5","2024-05-23","2025-11-20","Bayside | Richmond Hill | Queens Village | Oakland Gardens | Woodside | Forest Hills | Rego Park | Corona","Queens | Kings | New York | Richmond | Bronx | Westchester | Putnam | Dutchess","65","Find official domain, then audit careers/jobs pages for detailed solar offers."
"Rural Generation & Wind","rural generation wind","47","0","5","2024-08-27","2025-11-12","Sharon Springs | Boonville | Hastings | West Monroe | Central Square | Oswego | Mallory | Fulton","Schoharie | Oneida | Oswego | Jefferson | Herkimer | Onondaga | Erie | Wyoming","62","Find official domain, then audit careers/jobs pages for detailed solar offers."
"County Solar Solutions, Inc.","county solar solutions","5","0","5","2024-10-25","2025-01-21","Carmel | Shrub Oak | Ossining | Cortlandt Manor | Yorktown Heights","Putnam | Westchester","20","Find official domain, then audit careers/jobs pages for detailed solar offers."
"PTM Solar Inc","ptm solar","5","0","5","2026-04-21","2026-04-29","Black River | Camillus | Syracuse | Auburn","Jefferson | Onondaga | Cayuga","20","Find official domain, then audit careers/jobs pages for detailed solar offers."
"AMERICAN SOLAR PARTNERS, LLC","american solar partners","540","0","4","2025-04-08","2026-07-01","Shirley | Patchogue | Sound Beach | Lake Grove | Farmingville | Sag Harbor | Coram | Ronkonkoma","Suffolk | Nassau | Queens | Kings | Richmond | Bronx | New York | Westchester","62","Find official domain, then audit careers/jobs pages for detailed solar offers."
"Premier Solar Solutions","premier solar solutions","142","0","4","2023-06-21","2025-03-25","Stony Brook | East Setauket | Brookhaven | Ridge | Manorville | Centereach | Ronkonkoma | Mastic Beach","Suffolk | Nassau | Queens | Kings | Richmond | Bronx | New York | Westchester","62","Find official domain, then audit careers/jobs pages for detailed solar offers."
"Novel Approaches Solar Applications, LLC","novel approaches solar applications","97","0","4","2025-10-22","2026-01-22","Brewster | Middletown | Warwick | Bloomingburg | Otisville | Port Jervis | Highland Mills | Loch Sheldrake","Putnam | Orange | Sullivan | Ulster","62","Find official domain, then audit careers/jobs pages for detailed solar offers."
"Solar Alchemy, Inc.","solar alchemy","67","0","4","2024-05-11","2025-02-14","Wurtsboro | Livingston Manor | Sparrow Bush | Otisville | Warwick | Middletown | Mountain Dale | Pine Bush","Sullivan | Orange | Ulster | Greene | Dutchess","62","Find official domain, then audit careers/jobs pages for detailed solar offers."
"Hudson Valley Wind & Solar, LLC","hudson valley wind solar","29","0","4","2024-09-19","2024-10-23","Port Jervis | Rhinebeck | Ellenville | Red Hook | Livingston Manor | Hillsdale | Amenia | Stone Ridge","Orange | Dutchess | Ulster | Sullivan | Columbia","41","Find official domain, then audit careers/jobs pages for detailed solar offers."
"Power Guru, LLC","power guru","21","0","4","2025-10-11","2026-02-13","Cambridge | Hoosick Falls | Delmar | Eagle Bridge | Buskirk | Johnsonville | Argyle | Galway","Washington | Rensselaer | Albany | Saratoga","33","Find official domain, then audit careers/jobs pages for detailed solar offers."
"Renua Energy Inc.","renua energy","4","0","4","2025-12-11","2026-04-14","Parksville | Beacon | Delmar | Canton","Sullivan | Dutchess | Albany | St Lawrence","16","Find official domain, then audit careers/jobs pages for detailed solar offers."
"SunCommon II; LLC","suncommon ii","4","0","4","2026-04-23","2026-07-24","Roxbury | Clinton Corners | Hillsdale","Delaware | Dutchess | Columbia","16","Find official domain, then audit careers/jobs pages for detailed solar offers."
"UGE USA Inc.","uge usa","23","0","3","2023-09-25","2025-04-08","Flushing | Springfield Gardens | Jamaica | Astoria | Brooklyn | Staten Island | Tuckahoe | Bronx","Queens | Kings | Richmond | Westchester | Bronx","32","Find official domain, then audit careers/jobs pages for detailed solar offers."
"Dragon Solar LLC","dragon solar","20","0","3","2023-07-13","2023-08-29","Groton | Cortland | Homer | La Fayette | Spencer | Rochester | Churchville | Conesus","Tompkins | Cortland | Onondaga | Monroe | Livingston","29","Find official domain, then audit careers/jobs pages for detailed solar offers."
"Wildcat Solar LLC","wildcat solar","18","0","3","2023-11-14","2024-03-06","Ocean Beach | Jamaica | Forest Hills | Oakland Gardens | Fresh Meadows | Richmond Hill | Astoria | Staten Island","Suffolk | Queens | Richmond | Bronx | Westchester","27","Find official domain, then audit careers/jobs pages for detailed solar offers."
"Same Sun of Vermont, Inc.","same sun of vermont","15","0","3","2024-05-24","2024-08-14","Johnsonville | Whitehall | Granville | Ticonderoga | Queensbury | Saratoga Springs | Salem","Washington | Essex | Warren | Saratoga","24","Find official domain, then audit careers/jobs pages for detailed solar offers."
"Core Development Group, LLC","core development group","3","0","3","2024-10-09","2025-11-04","Jamaica | Maspeth","Queens","12","Find official domain, then audit careers/jobs pages for detailed solar offers."
"smart source electric LLC","smart source electric","3","0","3","2025-07-15","2025-10-01","Kingston | Saugerties","Ulster","12","Find official domain, then audit careers/jobs pages for detailed solar offers."
"JG Renovations LLC","jg renovations","3","0","3","2025-12-04","2026-01-28","Felts Mills | Fulton | Syracuse","Jefferson | Oswego | Onondaga","12","Find official domain, then audit careers/jobs pages for detailed solar offers."
"New York Electric & Solar, LLC","new york electric solar","3","0","3","2025-12-20","2026-01-22","Oswego | Elma | Cattaraugus","Oswego | Erie | Cattaraugus","12","Find official domain, then audit careers/jobs pages for detailed solar offers."
"Crest Solar, LLC","crest solar","86","0","2","2023-05-06","2023-08-21","Schoharie | Warnerville | Granville | Fort Ann | Plattsburgh | Norfolk | Westport | Ellenburg Depot","Schoharie | Washington | Clinton | St Lawrence | Essex | Franklin | Warren | Schenectady","56","Find official domain, then audit careers/jobs pages for detailed solar offers."
"Max Solar, Inc.","max solar","63","0","2","2023-03-07","2023-05-18","Black River | Watertown | Carthage | Lowville | Alexandria Bay | Natural Bridge | Winthrop | Rensselaer Falls","Jefferson | Lewis | St Lawrence | Hamilton | Livingston","56","Find official domain, then audit careers/jobs pages for detailed solar offers."
"Nautilus Solar Energy, LLC","nautilus solar energy","23","0","2","2023-11-29","2026-06-24","Port Jervis | Westtown | Chester | Altamont | Champlain | Rexford | Camden | Canton","Orange | Albany | Clinton | Saratoga | Oneida | St Lawrence | Onondaga | Chenango","29","Find official domain, then audit careers/jobs pages for detailed solar offers."
"Green Team USA, LLC","green team usa","4","0","2","2024-10-18","2025-02-04","Holbrook | Mastic | Commack | Bayport","Suffolk","10","Find official domain, then audit careers/jobs pages for detailed solar offers."
"Centrica Business Solution Services Inc.","centrica business solution services","4","0","2","2023-09-13","2025-01-21","White Plains | Hudson | Mechanicville","Westchester | Columbia | Saratoga","10","Find official domain, then audit careers/jobs pages for detailed solar offers."
"Buffalo Renewables, Inc.","buffalo renewables","4","0","2","2025-10-08","2026-01-09","Java Center | Batavia | North Tonawanda | Houghton","Wyoming | Genesee | Niagara | Allegany","10","Find official domain, then audit careers/jobs pages for detailed solar offers."
"Grid City Electric Corp","grid city electric","334","0","1","2023-01-06","2023-04-10","Ridge | Medford | Selden | Mastic Beach | Shirley | East Moriches | Southampton | Stony Brook","Suffolk | Nassau | Queens | Kings | Richmond | New York | Bronx","53","Find official domain, then audit careers/jobs pages for detailed solar offers."
"GO SOLAR/GREEN NY LLC","go solar green ny","110","0","1","2023-11-23","2024-04-08","Bay Shore | Lindenhurst | West Babylon | Jamaica | Rockaway Park | Bellerose | Baldwin | Fresh Meadows","Suffolk | Queens | Nassau | Kings | Richmond | New York | Bronx | Westchester","53","Find official domain, then audit careers/jobs pages for detailed solar offers."
"Kool-Temp Heating & Cooling Inc.","kool temp heating cooling","18","0","1","2024-02-08","2024-06-03","West Coxsackie | Earlton | Athens | Palenville | Ravena | Greenville | East Durham | Hudson","Greene | Albany | Columbia | Dutchess | Rensselaer","21","Find official domain, then audit careers/jobs pages for detailed solar offers."
"QCells Enable LLC (dba for Hanwha Q Cells America Inc)","qcells enable dba for hanwha q cells america","12","0","1","2023-03-15","2024-08-15","Maspeth | Brooklyn | Bronx | Peekskill | Elmsford | Tarrytown","Queens | Kings | Bronx | Westchester","15","Find official domain, then audit careers/jobs pages for detailed solar offers."
"Vanguard Energy Partners, LLC","vanguard energy partners","8","0","1","2025-05-01","2026-05-21","Lake Grove | Farmingville | Holbrook | Holtsville | New York | Tarrytown | Angola","Suffolk | New York | Westchester | Erie","11","Find official domain, then audit careers/jobs pages for detailed solar offers."
"BETHPAGE SOLAR INC.","bethpage solar","8","0","1","2024-07-09","2024-07-31","Farmingdale | West Islip | Northport | Bethpage | Wantagh | Plainview","Suffolk | Nassau","11","Find official domain, then audit careers/jobs pages for detailed solar offers."
"Summit Solar Company LLC","summit solar","7","0","1","2025-02-13","2025-04-21","Flushing | Rosedale | Jamaica | Springfield Gardens | Astoria | Staten Island","Queens | Richmond","10","Find official domain, then audit careers/jobs pages for detailed solar offers."
"New England Solar & Green Solutions, Inc.","new england solar green solutions","7","0","1","2023-08-29","2024-11-20","Hillsdale | East Schodack | Schenectady | Cohoes | Hudson | Latham | Petersburg","Columbia | Rensselaer | Schenectady | Albany","10","Find official domain, then audit careers/jobs pages for detailed solar offers."
"Adirondack Battery & Solar, LLC","adirondack battery solar","6","0","1","2023-07-07","2024-07-15","Potsdam | Cape Vincent | Norwood | Nicholville","St Lawrence | Jefferson","9","Find official domain, then audit careers/jobs pages for detailed solar offers."
"Lipp Electric","lipp electric","5","0","1","2023-09-08","2023-11-17","Macedon | Canandaigua | Middlesex | Naples | Geneseo","Wayne | Ontario | Yates | Livingston","8","Find official domain, then audit careers/jobs pages for detailed solar offers."
"Natural Energy Solutions (dba for Eric Maskell)","natural energy solutions dba for eric maskell","3","0","1","2023-05-20","2024-03-11","Red Hook | Hudson | Germantown","Dutchess | Columbia","6","Find official domain, then audit careers/jobs pages for detailed solar offers."
