businessName,normalizedName,projects,pipelineProjects,recentProjects,latestApplication,latestCompletion,cities,counties,targetScore,nextStep,clearbitQuery,candidateDomain,candidateUrl,candidateTitle,candidateSnippet,discoveryStatus,discoveryError,homepageUrl,careerUrls,detailJobUrls,careerPageFound,atsDetected,jobPostingDetected,detailedJobCount,auditStatus,auditNote
"Sunkeeper Solar LLC","sunkeeper solar","100","33","71","2026-07-29","2026-07-23","New York | Far Rockaway | Kew Gardens | Flushing | Astoria | Brooklyn | Jamaica | Sunnyside","New York | Queens | Kings | Richmond | Bronx","527","Find official domain, then audit careers/jobs pages for detailed solar offers.","sunkeeper solar","sunkeepersolar.com","https://sunkeepersolar.com","Sunkeeper Solar","","candidate_found","","https://www.sunkeepersolar.com/","https://www.sunkeepersolar.com/careers","","true","false","false","0","rejected_insufficient_detailed_jobs","Found 0 detailed job page(s); requires at least 3."
"Nexamp Inc","nexamp","124","28","22","2026-02-18","2026-07-13","Mount Kisco | New Hampton | Sparrow Bush | Warwick | Middletown | Accord | Goshen | Bloomingburg","Westchester | Orange | Ulster | Albany | Greene | Dutchess | Columbia | Rensselaer","340","Find official domain, then audit careers/jobs pages for detailed solar offers.","nexamp","nexamp.com","https://nexamp.com","Nexamp","","candidate_found","","https://www.nexamp.com/","https://www.nexamp.com/careers","","true","false","false","0","rejected_insufficient_detailed_jobs","Found 0 detailed job page(s); requires at least 3."
"Madison Energy Holding LLC","madison energy holding","24","22","12","2026-05-08","2026-06-24","Altamont | Malone | Evans Mills | Binghamton | Cortland | Memphis | Elmira | Cazenovia","Albany | Franklin | Jefferson | Broome | Cortland | Onondaga | Chemung | Madison","236","Find official domain, then audit careers/jobs pages for detailed solar offers.","madison energy","madisonenergygroup.com","https://madisonenergygroup.com","Madison Energy Group","","candidate_found","","https://madisonenergygroup.com/","","","false","false","false","0","rejected_no_career_page","No provider-hosted Careers/Jobs link found on homepage."
"Catalyze Holdings, LLC","catalyze holdings","51","20","17","2024-01-06","2026-02-13","College Point | Maspeth | Selkirk | Hermon | Altona | Potsdam | Mohawk | Newark","Queens | Albany | St Lawrence | Clinton | Herkimer | Wayne | Onondaga | Montgomery","261","Find official domain, then audit careers/jobs pages for detailed solar offers.","catalyze","catalyze-group.com","https://catalyze-group.com","Catalyze","","candidate_found","","https://catalyze-group.com/","","","false","false","false","0","rejected_no_career_page","No provider-hosted Careers/Jobs link found on homepage."
"RIC Development, LLC","ric development","17","17","16","2026-06-17","","Clinton | Coeymans Hollow | Voorheesville | Natural Bridge | Oswego | Williamstown | Ontario | Newark","Oneida | Albany | Jefferson | Oswego | Wayne | Erie | Steuben | Niagara","201","Find official domain, then audit careers/jobs pages for detailed solar offers.","ric development","ricdevelopment.co.bw","https://ricdevelopment.co.bw","RIC Development Botswana","","candidate_found","","https://ricdevelopment.co.bw/","","","false","false","false","0","rejected_no_career_page","No provider-hosted Careers/Jobs link found on homepage."
"BEST ENERGY POWER","best energy power","610","15","78","2026-04-01","2026-07-31","East Hampton | Ronkonkoma | Port Jefferson Station | Riverhead | Amityville | Massapequa | Westbury | Great Neck","Suffolk | Nassau | Queens | Kings | Richmond | New York | Bronx | Westchester","404","Find official domain, then audit careers/jobs pages for detailed solar offers.","best energy power","bestenergypower.com","https://bestenergypower.com","BEST ENERGY POWER","","candidate_found","","https://bestenergypower.com/","","","false","false","false","0","rejected_no_career_page","No provider-hosted Careers/Jobs link found on homepage."
"Green Street Power Partners, LLC","green street power partners","432","13","11","2026-01-28","2026-07-07","Shoreham | Oyster Bay | Massapequa | Fresh Meadows | College Point | Jamaica | Ozone Park | Rockaway Park","Suffolk | Nassau | Queens | Kings | Richmond | Bronx | New York | Westchester","187","Find official domain, then audit careers/jobs pages for detailed solar offers.","green street power partners","gspp.com","https://gspp.com","Green Street Power Partners","","candidate_found","","https://gspowerpartners.com/","","","false","false","false","0","rejected_no_career_page","No provider-hosted Careers/Jobs link found on homepage."
"Lightstar Renewables LLC","lightstar renewables","13","13","8","2026-06-17","","Montgomery | Ulster | Slate Hill | New Windsor | Walden | Chester | Hannacroix | Florida","Orange | Ulster | Greene | Dutchess | Saratoga | Jefferson","141","Find official domain, then audit careers/jobs pages for detailed solar offers.","lightstar renewables","lightstar.com","https://lightstar.com","Lightstar Renewables","","candidate_found","","https://www.lightstar.com/","https://www.lightstar.com/careers","","true","false","false","0","rejected_insufficient_detailed_jobs","Found 0 detailed job page(s); requires at least 3."
"Generate Capital","generate capital","98","12","22","2025-01-15","2026-06-10","Crown Point | Lyons | Baldwinsville | Westtown | Otisville | Port Jervis | Montgomery | Goshen","Essex | Wayne | Onondaga | Orange | Sullivan | Greene | Albany | Ulster","212","Find official domain, then audit careers/jobs pages for detailed solar offers.","generate capital","generatecapital.com","https://generatecapital.com","Generate","","candidate_found","","https://generatecapital.com/","","","false","true","false","0","rejected_ats","Known ATS reference found on homepage."
"AMS Construction Corp","ams construction","27","12","16","2025-12-10","2025-04-22","Astoria | Brooklyn | Staten Island | New York | Bronx | Germantown","Queens | Kings | Richmond | New York | Bronx | Columbia","171","Find official domain, then audit careers/jobs pages for detailed solar offers.","ams construction","amsconstructionservices.com","https://amsconstructionservices.com","AMS Construction","","candidate_found","","https://amsconstructionservices.com/","","","false","false","false","0","rejected_no_career_page","No provider-hosted Careers/Jobs link found on homepage."
"RP New York Solar, LLC","rp new york solar","12","11","9","2026-02-18","2026-06-08","East Berne | Phoenix | Fulton | Central Square | Brewerton | Little Falls | Baldwinsville | Burt","Albany | Onondaga | Oswego | Herkimer | Niagara | Allegany | Cattaraugus","127","Find official domain, then audit careers/jobs pages for detailed solar offers.","new york solar","nyses.org","https://nyses.org","New York Solar Energy Society","","candidate_found","","http://nyses.org/","","","false","false","false","0","rejected_no_career_page","No provider-hosted Careers/Jobs link found on homepage."
"Dimension Energy LLC","dimension energy","19","10","7","2025-11-21","2026-06-23","Heuvelton | Galway | Canton | Lowville | New Woodstock | Skaneateles | Parish | Palmyra","St Lawrence | Saratoga | Lewis | Madison | Onondaga | Oswego | Wayne | Chenango","120","Find official domain, then audit careers/jobs pages for detailed solar offers.","dimension energy","dimensionenergy.eu","https://dimensionenergy.eu","Dimension Energy","","candidate_found","","","","","false","false","false","0","audit_error","Homepage could not be fetched as HTML."
"NSF EPC LLC","nsf epc","22","9","12","2026-05-29","2026-06-05","Fishers | Elbridge | Chateaugay | Ithaca | Endicott | Walworth | Norwich | Edmeston","Ontario | Onondaga | Franklin | Tompkins | Broome | Wayne | Chenango | Otsego","130","Find official domain, then audit careers/jobs pages for detailed solar offers.","nsf epc","nsfepc.com","https://nsfepc.com","NSF EPC","","candidate_found","","","","","false","false","false","0","audit_error","Homepage could not be fetched as HTML."
"Seaboard Solar Holdings LLC","seaboard solar holdings","9","9","9","2026-01-28","","Valatie | East Greenbush | Waterford | Boonville | Gansevoort","Columbia | Rensselaer | Saratoga | Oneida","108","Find official domain, then audit careers/jobs pages for detailed solar offers.","seaboard solar","seaboardsolar.com","https://seaboardsolar.com","Seaboard Solar","","candidate_found","","https://seaboardsolar.com/","","","false","false","false","0","rejected_no_career_page","No provider-hosted Careers/Jobs link found on homepage."
"New Energy Equity LLC","new energy equity","12","9","7","2025-05-24","2026-07-14","Middletown | Moriah | Newark Valley | Sherburne | Depew | Buffalo | Houghton | Falconer","Orange | Essex | Tioga | Chenango | Erie | Allegany | Chautauqua","105","Find official domain, then audit careers/jobs pages for detailed solar offers.","new energy equity","newenergyequity.com","https://newenergyequity.com","New Energy Equity","","candidate_found","","https://www.newenergyequity.com/","https://www.newenergyequity.com/careers","","true","true","false","0","rejected_ats","Known ATS reference found on career page."
"Delaware River Solar, LLC","delaware river solar","18","7","7","2026-05-20","2024-12-19","Winfield | Erwin | Corning | Callicoon | Monticello | Woodridge | Narrowsburg | Dryden","Herkimer | Steuben | Sullivan | Tompkins | Chemung | Onondaga | Tioga | Oneida","95","Find official domain, then audit careers/jobs pages for detailed solar offers.","delaware river solar","delawareriversolar.com","https://delawareriversolar.com","Delaware River Solar","","candidate_found","","","","","false","false","false","0","audit_error","Homepage could not be fetched as HTML."
"AES Distributed Energy, Inc.","aes distributed energy","39","6","2","2025-12-10","2026-07-13","Middletown | Otisville | Goshen | Walden | Montgomery | Rock Tavern | Pleasant Valley | Troy","Orange | Dutchess | Rensselaer | Washington | Columbia | Schenectady | Jefferson | Saratoga","93","Find official domain, then audit careers/jobs pages for detailed solar offers.","aes distributed energy","aesdistributedenergy.com","https://aesdistributedenergy.com","AES Distributed Energy","","candidate_found","","https://aesdistributedenergy.com/","","","false","false","false","0","rejected_no_career_page","No provider-hosted Careers/Jobs link found on homepage."
"Emes Solar","emes solar","230","5","124","2026-05-08","2026-06-22","Far Rockaway | Atlantic Beach | Lawrence | Oakland Gardens | Long Beach | South Richmond Hill | Bayside | Flushing","Queens | Nassau | Kings | Richmond | Bronx | New York | Westchester | Rockland","462","Find official domain, then audit careers/jobs pages for detailed solar offers.","emes solar","emessolar.com","https://emessolar.com","Emes Solar","","candidate_found","","https://emessolar.com/","","","false","false","false","0","rejected_no_career_page","No provider-hosted Careers/Jobs link found on homepage."
"Montante Solar","montante solar","100","5","30","2026-03-06","2026-03-19","Montgomery | Vernon | East Syracuse | Webster | Buffalo | Tonawanda | Albion | Niagara Falls","Orange | Oneida | Onondaga | Monroe | Erie | Orleans | Niagara | Chautauqua","180","Find official domain, then audit careers/jobs pages for detailed solar offers.","montante solar","montantesolar.com","https://montantesolar.com","Montante Solar","","candidate_found","","https://www.montantesolar.com/","https://www.montantesolar.com/careers/","","true","true","false","0","rejected_ats","Known ATS reference found on career page."
"Urban Energy Inc.","urban energy","18","4","7","2024-04-19","2024-12-12","Astoria | East Elmhurst | Brooklyn | Staten Island | Bronx | New York | Yonkers | Tuckahoe","Queens | Kings | Richmond | Bronx | New York | Westchester","71","Find official domain, then audit careers/jobs pages for detailed solar offers.","urban energy","urban-energy.eu","https://urban-energy.eu","Urban Energy","","candidate_found","","https://www.urban-energy.eu/","","","false","false","false","0","rejected_no_career_page","No provider-hosted Careers/Jobs link found on homepage."
"AC Power, LLC","ac power","4","4","4","2026-03-26","","Queensbury | Syracuse | Depew | Tonawanda","Warren | Onondaga | Erie","48","Find official domain, then audit careers/jobs pages for detailed solar offers.","power","powerthesaurus.org","https://powerthesaurus.org","Power Thesaurus","","candidate_found","","","","","false","false","false","0","audit_error","Homepage could not be fetched as HTML."
"Sky Solar Inc.","sky solar","4","4","0","2021-10-20","","Freehold | New Paltz | Saratoga Springs","Greene | Ulster | Saratoga","36","Find official domain, then audit careers/jobs pages for detailed solar offers.","sky solar","skysolar.us","https://skysolar.us","Sky Solar","","candidate_found","","https://skysolar.us/","","","false","false","false","0","rejected_no_career_page","No provider-hosted Careers/Jobs link found on homepage."
"Solar Liberty","solar liberty","1125","3","490","2026-03-07","2026-07-24","Woodside | Long Island City | Brooklyn | Bronx | New York | Tuckahoe | Yonkers | Larchmont","Queens | Kings | Bronx | New York | Westchester | Putnam | Sullivan | Orange","1544","Find official domain, then audit careers/jobs pages for detailed solar offers.","solar liberty","solarliberty.com","https://solarliberty.com","Solar Liberty","","candidate_found","","https://solarliberty.com/","","","false","false","false","0","rejected_no_career_page","No provider-hosted Careers/Jobs link found on homepage."
"38DN Contracting, LLC","38dn contracting","7","3","4","2026-06-17","2026-05-07","Wallkill | East Greenbush | Glenmont | Fulton | Skaneateles | New Hartford","Ulster | Rensselaer | Albany | Oswego | Onondaga | Oneida","43","Find official domain, then audit careers/jobs pages for detailed solar offers.","contracting","1901contracting.com","https://1901contracting.com","1901 Contracting","","candidate_found","","","","","false","false","false","0","audit_error","Homepage could not be fetched as HTML."
"ClearPath Energy LLC","clearpath energy","10","3","3","2026-02-18","2025-06-30","Monticello | Lowville | Tully | Little Falls | Poland | Corning","Sullivan | Lewis | Onondaga | Herkimer | Oneida | Steuben","43","Find official domain, then audit careers/jobs pages for detailed solar offers.","clearpath energy","clearpath.energy","https://clearpath.energy","ClearPath Energy","","candidate_found","","","","","false","false","false","0","audit_error","Homepage could not be fetched as HTML."
"Cipriani Energy Group Corp.","cipriani energy group","8","3","3","2026-04-10","2026-05-19","Plattsburgh | Malone | Champlain | Crown Point | Johnstown | Cortland","Clinton | Franklin | Essex | Montgomery | Cortland","41","Find official domain, then audit careers/jobs pages for detailed solar offers.","cipriani energy group","ciprianienergygroup.com","https://ciprianienergygroup.com","Cipriani Energy Group","","candidate_found","","https://ciprianienergygroup.com/","https://ciprianienergygroup.com/career-2/","","true","false","false","0","rejected_insufficient_detailed_jobs","Found 0 detailed job page(s); requires at least 3."
"Lodestar Energy","lodestar energy","6","3","3","2025-04-24","2021-06-16","New Windsor | Spencer | Johnson City | Nichols","Orange | Tioga | Broome","39","Find official domain, then audit careers/jobs pages for detailed solar offers.","lodestar energy","lodestarenergy.com","https://lodestarenergy.com","Lodestar Energy","","candidate_found","","https://lodestarenergy.com/","","","false","false","false","0","rejected_no_career_page","No provider-hosted Careers/Jobs link found on homepage."
"DVM Industries LLC","dvm industries","3","3","3","2026-05-18","","Long Island City | New York","Queens | New York","36","Find official domain, then audit careers/jobs pages for detailed solar offers.","dvm industries","dvmindustries.us","https://dvmindustries.us","DVM Industries","","candidate_found","","https://dvmindustries.us/","","","false","false","false","0","rejected_no_career_page","No provider-hosted Careers/Jobs link found on homepage."
"Elecnor Hawkeye LLC","elecnor hawkeye","3","3","3","2026-04-10","","Selkirk | Gansevoort | Homer","Albany | Saratoga | Cortland","36","Find official domain, then audit careers/jobs pages for detailed solar offers.","elecnor hawkeye","elecnorhawkeye.com","https://elecnorhawkeye.com","Elecnor Hawkeye","","candidate_found","","","","","false","false","false","0","audit_error","Homepage could not be fetched as HTML."
"Coral Reef Partners, LLC","coral reef partners","3","3","3","2025-11-21","","Cortland","Cortland","36","Find official domain, then audit careers/jobs pages for detailed solar offers.","coral reef partners","coralreefpartners.com","https://coralreefpartners.com","Coral Reef","","candidate_found","","https://www.coralreefpartners.com/","https://www.coralreefpartners.com/careers","","true","false","false","0","rejected_insufficient_detailed_jobs","Found 0 detailed job page(s); requires at least 3."
"Standard Solar Inc","standard solar","19","3","2","2025-10-15","2025-10-30","Yonkers | Goshen | Slingerlands | Lowville | Philadelphia | Turin | Glenfield | Canastota","Westchester | Orange | Albany | Lewis | Jefferson | Madison | Niagara | Erie","49","Find official domain, then audit careers/jobs pages for detailed solar offers.","standard solar","standardsolar.com","https://standardsolar.com","Standard Solar","","candidate_found","","https://standardsolar.com/","https://standardsolar.com/company/careers/","","true","true","false","0","rejected_ats","Known ATS reference found on career page."
"Genie Solar, Inc.","genie solar","3","3","2","2026-03-26","","Delhi | Lansing | Perry","Delaware | Tompkins | Wyoming","33","Find official domain, then audit careers/jobs pages for detailed solar offers.","genie solar","geniesolar.com","https://geniesolar.com","GENIE SOLAR","","candidate_found","","https://www.geniesolar.com/","","","false","false","false","0","rejected_no_career_page","No provider-hosted Careers/Jobs link found on homepage."
"Community Power Group, LLC","community power group","3","3","2","2025-12-10","","Fort Edward | Arkport","Washington | Steuben","33","Find official domain, then audit careers/jobs pages for detailed solar offers.","community power group","communitypowergroup.com","https://communitypowergroup.com","Community Power Group","","candidate_found","","https://communitypowergroup.com/","","","false","false","false","0","rejected_no_career_page","No provider-hosted Careers/Jobs link found on homepage."
"CleanChoice Energy","cleanchoice energy","3","3","2","2025-12-10","","Little Falls | Clymer | Wellsville","Herkimer | Chautauqua | Allegany","33","Find official domain, then audit careers/jobs pages for detailed solar offers.","cleanchoice energy","cleanchoiceenergy.com","https://cleanchoiceenergy.com","CleanChoice Energy","","candidate_found","","","","","false","false","false","0","audit_error","Homepage could not be fetched as HTML."
"CVE North America, Inc.","cve north america","14","3","1","2024-02-28","2025-04-09","Troy | Queensbury | Manlius | Albion | Sanborn | Brockport | Ransomville | Fredonia","Rensselaer | Warren | Onondaga | Orleans | Niagara | Monroe | Chautauqua","41","Find official domain, then audit careers/jobs pages for detailed solar offers.","cve north america","cvenorthamerica.com","https://cvenorthamerica.com","CVE North America","","candidate_found","","https://www.cvenorthamerica.com/","https://www.cvenorthamerica.com/careers/","","true","false","false","0","rejected_insufficient_detailed_jobs","Found 0 detailed job page(s); requires at least 3."
"New Leaf Energy, Inc.","new leaf energy","3","3","1","2023-11-04","","Worcester | Mc Donough","Otsego | Chenango","30","Find official domain, then audit careers/jobs pages for detailed solar offers.","new leaf energy","newleafenergy.com","https://newleafenergy.com","New Leaf Energy","","candidate_found","","https://www.newleafenergy.com/","https://www.newleafenergy.com/careers","","true","false","false","0","rejected_insufficient_detailed_jobs","Found 0 detailed job page(s); requires at least 3."
"Source Renewables LLC","source renewables","3","3","1","2025-12-10","","Homer | Buffalo","Cortland | Erie","30","Find official domain, then audit careers/jobs pages for detailed solar offers.","source renewables","sourcerenew.com","https://sourcerenew.com","Source Renewables","","candidate_found","","https://sourcerenew.com/","https://sourcerenew.com/careers","","true","false","false","0","rejected_insufficient_detailed_jobs","Found 0 detailed job page(s); requires at least 3."
"EVERGREEN ENERGY","evergreen energy","11","2","6","2026-01-21","2026-05-26","Brooklyn | Maspeth | Goshen | Lake Katrine","Kings | Queens | Orange | Ulster","45","Find official domain, then audit careers/jobs pages for detailed solar offers.","evergreen energy","evergreen-energy.com","https://evergreen-energy.com","Evergreen Energy","","candidate_found","","","","","false","false","false","0","audit_error","Homepage could not be fetched as HTML."
"Zuvan Renewables","zuvan renewables","3","2","3","2026-05-06","2025-09-30","Brooklyn | Bronx","Kings | Bronx","28","Find official domain, then audit careers/jobs pages for detailed solar offers.","zuvan renewables","zuvanrenewables.com","https://zuvanrenewables.com","Zuvan Renewables","","candidate_found","","https://www.zuvanrenewables.com/","https://www.zuvanrenewables.com/careers","","true","false","false","0","rejected_insufficient_detailed_jobs","Found 0 detailed job page(s); requires at least 3."
"DG New York CS, LLC","dg new york cs","59","2","1","2023-11-29","2026-05-19","Otisville | Middletown | New Hampton | Hudson | Schaghticoke | Altamont | Troy | Clayton","Orange | Columbia | Rensselaer | Albany | Jefferson | Essex | Cortland | Onondaga","69","Find official domain, then audit careers/jobs pages for detailed solar offers.","new york","nypost.com","https://nypost.com","New York Post","","candidate_found","","https://nypost.com/","https://nypost.com/2026/08/25/business/better-com-ceo-gushed-over-ousted-founder-before-replacing-him-in-top-job-filing-says/|https://nypost.com/2026/08/25/sports/raiders-rookie-fernando-mendoza-may-still-steal-week-1-job-from-kirk-cousins/|https://nypost.com/2026/08/24/opinion/rob-bonta-stop-toying-with-california-jobs/","https://nypost.com/tag/jobs/","true","false","false","1","rejected_insufficient_detailed_jobs","Found 1 detailed job page(s); requires at least 3."
"Empire Solar Solutions, LLC","empire solar solutions","4392","1","2393","2026-04-29","2026-07-28","Ancram | Mattituck | Selden | Ridge | Holbrook | East Hampton | Hampton Bays | Mastic Beach","Columbia | Suffolk | Queens | Nassau | Kings | Richmond | Bronx | Westchester","7237","Find official domain, then audit careers/jobs pages for detailed solar offers.","empire solar solutions","empiresolarny.com","https://empiresolarny.com","Empire Solar Solutions","","candidate_found","","https://empiresolarny.com/","","","false","false","false","0","rejected_no_career_page","No provider-hosted Careers/Jobs link found on homepage."
"Brooklyn SolarWorks, LLC","brooklyn solarworks","2998","1","1356","2026-05-20","2026-07-30","Queens | Brooklyn | MASPETH | BROOKLYN | Bayside | Flushing | Richmond Hill | Far Rockaway","Queens | Kings | Richmond | New York | Bronx","4126","Find official domain, then audit careers/jobs pages for detailed solar offers.","brooklyn solarworks","brooklynsolarworks.com","https://brooklynsolarworks.com","Brooklyn SolarWorks","","candidate_found","","","","","false","false","false","0","audit_error","Homepage could not be fetched as HTML."
"New York State Solar Farm","new york state solar farm","1778","1","884","2026-04-18","2026-07-29","North Salem | Scarsdale | Tarrytown | Tuckahoe | White Plains | New Rochelle | Bronxville | Pleasantville","Westchester | Putnam | Rockland | Orange | Sullivan | Delaware | Ulster | Dutchess","2710","Find official domain, then audit careers/jobs pages for detailed solar offers.","new york state solar farm","nyssf.com","https://nyssf.com","New York State Solar Farm","","candidate_found","","https://nyssf.com/","https://nyssf.com/careers/","","true","false","false","0","rejected_insufficient_detailed_jobs","Found 0 detailed job page(s); requires at least 3."
"Mpower Solar LLC","mpower solar","661","1","632","2025-09-18","2026-07-08","Fresh Meadows | Jamaica | Whitestone | Richmond Hill | South Richmond Hill | Ozone Park | Bayside | Oakland Gardens","Queens | Kings | Richmond | Bronx | Westchester | Rockland","1954","Find official domain, then audit careers/jobs pages for detailed solar offers.","mpower solar","mpowersolar.com","https://mpowersolar.com","Mpower Solar","","candidate_found","","https://www.mpowersolar.com/","","","false","false","false","0","rejected_no_career_page","No provider-hosted Careers/Jobs link found on homepage."
"Voltaic Solaire","voltaic solaire","357","1","283","2026-06-02","2026-07-06","Jamaica | Saint Albans | South Ozone Park | Howard Beach | Kew Gardens | South Richmond Hill | Richmond Hill | Queens Village","Queens | Kings | Richmond | Bronx | New York | Westchester | Rockland | Orange","907","Find official domain, then audit careers/jobs pages for detailed solar offers.","voltaic solaire","voltaicsolaire.com","https://voltaicsolaire.com","Voltaic Solaire","","candidate_found","","https://voltaicsolaire.com/","","","false","false","false","0","rejected_no_career_page","No provider-hosted Careers/Jobs link found on homepage."
"Onsite Energy, Inc.","onsite energy","220","1","211","2026-07-21","2026-07-13","Jamaica | Glen Oaks | Fresh Meadows | Springfield Gardens | Hollis | South Ozone Park | Ridgewood | Brooklyn","Queens | Kings | Richmond | Bronx | Westchester | Rockland | Putnam | Orange","691","Find official domain, then audit careers/jobs pages for detailed solar offers.","onsite energy","onsiteenergyexpo.com","https://onsiteenergyexpo.com","Onsite Energy","","candidate_found","","","","","false","false","false","0","audit_error","Homepage could not be fetched as HTML."
"Advanced Solar Solutions","advanced solar solutions","75","1","75","2026-05-29","2026-07-30","Flushing | Elmhurst | Hollis | West Hempstead | Fresh Meadows | Oakland Gardens | South Richmond Hill | Bayside","Queens | Nassau | Kings | Bronx","283","Find official domain, then audit careers/jobs pages for detailed solar offers.","advanced solar solutions","advancedsolarpermits.com","https://advancedsolarpermits.com","Advanced Solar Solutions","","candidate_found","","https://advancedsolarpermits.com/","","","false","false","false","0","rejected_no_career_page","No provider-hosted Careers/Jobs link found on homepage."
"Element Energy LLC","element energy","68","1","55","2025-12-09","2026-07-20","Stony Brook | Patchogue | Hampton Bays | Coram | Sag Harbor | Mattituck | Medford | Peconic","Suffolk | Nassau | Westchester","223","Find official domain, then audit careers/jobs pages for detailed solar offers.","element energy","elementenergy.com","https://elementenergy.com","Element Energy","","candidate_found","","https://elementenergy.com/","","","false","false","false","0","rejected_no_career_page","No provider-hosted Careers/Jobs link found on homepage."
"High Peaks Solar","high peaks solar","217","1","28","2025-10-18","2026-05-28","Middletown | Walton | Schoharie | Tannersville | Greenville | Cornwallville | Berne | Coeymans Hollow","Orange | Delaware | Schoharie | Greene | Albany | Columbia | Rensselaer | Dutchess","142","Find official domain, then audit careers/jobs pages for detailed solar offers.","high peaks solar","highpeakssolar.com","https://highpeakssolar.com","High Peaks Solar","","candidate_found","","https://highpeakssolar.com/","https://highpeakssolar.com/careers/","","true","false","false","0","rejected_insufficient_detailed_jobs","Found 0 detailed job page(s); requires at least 3."
"National Solar Technologies","national solar technologies","25","1","19","2026-05-08","2026-07-08","Stamford | Kingston | Delmar | Wilmington | East Syracuse | Red Creek | Oxford | Depew","Delaware | Ulster | Albany | Essex | Onondaga | Cayuga | Chenango | Erie","90","Find official domain, then audit careers/jobs pages for detailed solar offers.","national solar technologies","nstsolar.com","https://nstsolar.com","National Solar Technologies","","candidate_found","","https://www.nstsolar.com/","","","false","false","false","0","rejected_no_career_page","No provider-hosted Careers/Jobs link found on homepage."
"Bliss Solar, LLC","bliss solar","13","1","10","2026-05-28","2025-08-12","Corona | Jamaica | Ridgewood | Queens Village | Ozone Park | Astoria | Maspeth | Jackson Heights","Queens | Bronx | Westchester","51","Find official domain, then audit careers/jobs pages for detailed solar offers.","bliss solar","blisssolar.com","https://blisssolar.com","Bliss Solar","","candidate_found","","","","","false","false","false","0","audit_error","Homepage could not be fetched as HTML."
"Plankton Energy","plankton energy","5","1","5","2026-04-02","2026-05-05","New York | Bronx | Elmsford | Poughkeepsie","New York | Bronx | Westchester | Dutchess","28","Find official domain, then audit careers/jobs pages for detailed solar offers.","plankton energy","planktonenergy.com","https://planktonenergy.com","Plankton Energy","","candidate_found","","https://planktonenergy.com/","","","false","false","false","0","rejected_no_career_page","No provider-hosted Careers/Jobs link found on homepage."
"ForeFront Power, LLC","forefront power","27","1","1","2025-01-15","2022-08-08","East Elmhurst | Otisville | Westtown | Chester | Ellenville | Dover Plains | Schaghticoke | Altamont","Queens | Orange | Ulster | Dutchess | Rensselaer | Albany | Montgomery | Jefferson","38","Find official domain, then audit careers/jobs pages for detailed solar offers.","forefront power","forefrontpower.com","https://forefrontpower.com","ForeFront Power","","candidate_found","","https://www.forefrontpower.com/","https://www.forefrontpower.com/careers","","true","true","false","0","rejected_ats","Known ATS reference found on career page."
"CSG PV I LLC","csg pv i","6","1","1","2023-01-26","2026-01-26","Canton | Copenhagen | Schenectady | Rome | Oswego | Albion","St Lawrence | Lewis | Schenectady | Oneida | Oswego | Orleans","17","Find official domain, then audit careers/jobs pages for detailed solar offers.","csg","forte.net","https://forte.net","CSG Forte","","candidate_found","","https://www.forte.net/","","","false","false","false","0","rejected_no_career_page","No provider-hosted Careers/Jobs link found on homepage."
"SUNRUN, INC","sunrun","24451","0","6783","2025-12-11","2026-07-28","Calverton | Mastic | Selden | Center Moriches | Montauk | Coram | Southampton | Lake Grove","Suffolk | Westchester | Queens | Orange | Nassau | Kings | Richmond | Bronx","20399","Find official domain, then audit careers/jobs pages for detailed solar offers.","sunrun","sunrun.com","https://sunrun.com","Sunrun","","candidate_found","","https://www.sunrun.com/","","","false","false","false","0","rejected_no_career_page","No provider-hosted Careers/Jobs link found on homepage."
"PlugPV, LLC","plugpv","5529","0","3461","2026-05-21","2026-07-30","Geneva | Astoria | Cambria Heights | Bronx | Port Chester | Hawthorne | Scarsdale | White Plains","Seneca | Queens | Bronx | Westchester | Putnam | Rockland | Dutchess | Orange","10433","Find official domain, then audit careers/jobs pages for detailed solar offers.","plugpv","plugpv.com","https://plugpv.com","PlugPV","","candidate_found","","https://plugpv.com/","https://plugpv.com/careers/","","true","false","false","0","rejected_insufficient_detailed_jobs","Found 0 detailed job page(s); requires at least 3."
"Kasselman Solar LLC","kasselman solar","3862","0","1192","2026-06-08","2026-07-24","Centereach | White Plains | Yonkers | Mamaroneck | Dobbs Ferry | Scarsdale | New Rochelle | Pelham","Suffolk | Westchester | Rockland | Putnam | Orange | Sullivan | Delaware | Greene","3626","Find official domain, then audit careers/jobs pages for detailed solar offers.","kasselman solar","kasselmansolar.com","https://kasselmansolar.com","Kasselman Solar","","candidate_found","","","","","false","false","false","0","audit_error","Homepage could not be fetched as HTML."
"TRINITY SOLAR","trinity solar","2196","0","940","2026-01-23","2026-03-26","Shirley | Rocky Point | Holbrook | Southampton | Medford | Lake Grove | Centereach | Patchogue","Suffolk | Nassau | Queens | Kings | Richmond | Bronx | New York | Westchester","2870","Find official domain, then audit careers/jobs pages for detailed solar offers.","trinity solar","trinity-solar.com","https://trinity-solar.com","Trinity Solar","","candidate_found","","https://www.trinitysolar.com/","","","false","false","false","0","rejected_no_career_page","No provider-hosted Careers/Jobs link found on homepage."
"EmPower Solar","empower solar","2356","0","709","2025-10-28","2026-03-17","Sayville | Holbrook | Sag Harbor | Greenport | Coram | East Hampton | Cutchogue | Westhampton Beach","Suffolk | Nassau | Queens | Kings | Richmond | Bronx | New York | Westchester","2177","Find official domain, then audit careers/jobs pages for detailed solar offers.","empower solar","empower-solar.com","https://empower-solar.com","EmPower Solar","","candidate_found","","https://empower-solar.com/cgi-sys/suspendedpage.cgi","","","false","false","false","0","rejected_no_career_page","No provider-hosted Careers/Jobs link found on homepage."
"Surf Clean Energy Inc","surf clean energy","786","0","440","2026-06-24","2026-07-21","Medford | Ronkonkoma | Centereach | Coram | Port Jefferson Station | Middle Island | Sound Beach | Mastic Beach","Suffolk | Nassau | Queens | Kings | Richmond | Bronx | Westchester | Schoharie","1370","Find official domain, then audit careers/jobs pages for detailed solar offers.","surf clean energy","surfcleanenergy.com","https://surfcleanenergy.com","Surf Clean Energy","","candidate_found","","https://surfcleanenergy.com/","","","false","false","false","0","rejected_no_career_page","No provider-hosted Careers/Jobs link found on homepage."
"HARVEST POWER","harvest power","1215","0","395","2026-04-21","2026-07-22","Rocky Point | Holbrook | Centereach | Patchogue | East Hampton | Selden | Farmingville | Ronkonkoma","Suffolk | Queens | Nassau | Kings | Richmond | Bronx | Westchester | Orange","1235","Find official domain, then audit careers/jobs pages for detailed solar offers.","harvest power","harvestpower.com","https://harvestpower.com","Harvest Power","","candidate_found","","","","","false","false","false","0","audit_error","Homepage could not be fetched as HTML."
"Hytech Solar Inc","hytech solar","568","0","272","2026-04-25","2026-06-29","Mastic Beach | Mastic | Amagansett | Mattituck | Ridge | Holtsville | Coram | Ronkonkoma","Suffolk | Nassau | Queens | Kings | Richmond | Bronx | Westchester","866","Find official domain, then audit careers/jobs pages for detailed solar offers.","hytech solar","hytechsolar.com","https://hytechsolar.com","Hytech Solar","","candidate_found","","https://hytechhome.com/","","","false","false","false","0","rejected_no_career_page","No provider-hosted Careers/Jobs link found on homepage."
"SOLANTA CORP","solanta","364","0","218","2026-05-08","2026-07-15","Astoria | East Meadow | Hicksville | Glen Cove | New Hyde Park | Jamaica | Fresh Meadows | South Richmond Hill","Queens | Nassau | Kings | Richmond | Bronx | New York | Westchester | Rockland","704","Find official domain, then audit careers/jobs pages for detailed solar offers.","solanta","solanta.com","https://solanta.com","Solanta","","candidate_found","","https://solanta.com/","","","false","false","false","0","rejected_no_career_page","No provider-hosted Careers/Jobs link found on homepage."
"Renovus Energy, Inc","renovus energy","1355","0","203","2026-06-11","2026-07-29","Livingston Manor | Cooperstown | Treadwell | Bloomville | Hamden | East Berne | Worcester | Walton","Sullivan | Otsego | Delaware | Albany | Tompkins | Ulster | Saratoga | Fulton","659","Find official domain, then audit careers/jobs pages for detailed solar offers.","renovus energy","renovus.tech","https://renovus.tech","RENOVUS Energy Tech","","candidate_found","","","","","false","false","false","0","audit_error","Homepage could not be fetched as HTML."
"J.B.I Construction Group INC?","j b i construction group","275","0","196","2025-10-10","2026-06-16","South Richmond Hill | Fresh Meadows | Hollis | Howard Beach | Valley Stream | Jamaica | Queens Village | Glen Oaks","Queens | Nassau | Kings | Richmond | Bronx","638","Find official domain, then audit careers/jobs pages for detailed solar offers.","construction group","4110constructiongroup.com","https://4110constructiongroup.com","41:10 Construction Group","","candidate_found","","https://www.4110constructiongroup.com/","","","false","false","false","0","rejected_no_career_page","No provider-hosted Careers/Jobs link found on homepage."
"Amergy Solar Inc.","amergy solar","643","0","195","2026-03-13","2026-06-02","Queens | Flushing | Hampton Bays | Fresh Meadows | Oakland Gardens | Little Neck | Bayside | Whitestone","Queens | Suffolk | Kings | Richmond | Bronx | Westchester","635","Find official domain, then audit careers/jobs pages for detailed solar offers.","amergy solar","amergysolar.com","https://amergysolar.com","Amergy Solar","","candidate_found","","https://www.amergysolar.com/","","","false","false","false","0","rejected_no_career_page","No provider-hosted Careers/Jobs link found on homepage."
"Patriot Energy Solutions Corp.","patriot energy solutions","373","0","161","2026-01-09","2026-02-24","Lake Grove | Medford | Shirley | Ronkonkoma | Port Jefferson Station | Farmingville | East Moriches | Moriches","Suffolk | Nassau | Queens | Kings | Richmond | Bronx | New York | Westchester","533","Find official domain, then audit careers/jobs pages for detailed solar offers.","patriot energy solutions","patriotenergysolution.com","https://patriotenergysolution.com","Patriot Energy Solutions","","candidate_found","","https://www.patriotenergysolution.com/","","","false","false","false","0","rejected_no_career_page","No provider-hosted Careers/Jobs link found on homepage."
"Sea Bright Solar","sea bright solar","468","0","127","2026-06-24","2026-07-20","Staten Island | Flushing | Bayside | Little Neck | Oakland Gardens | Jamaica | Ozone Park | Queens Village","Richmond | Queens | Kings | Bronx | New York | Westchester | Orange | Sullivan","431","Find official domain, then audit careers/jobs pages for detailed solar offers.","sea bright solar","seabrightsolar.com","https://seabrightsolar.com","Sea Bright Solar","","candidate_found","","https://seabrightsolar.com/","","","false","false","false","0","rejected_no_career_page","No provider-hosted Careers/Jobs link found on homepage."
"Green Logic LLC","green logic","943","0","104","2026-02-20","2026-07-28","Water Mill | Center Moriches | Mattituck | Lake Grove | Patchogue | Shelter Island | Hampton Bays | East Hampton","Suffolk | Nassau | Queens | Kings | New York | Bronx | Westchester","362","Find official domain, then audit careers/jobs pages for detailed solar offers.","green logic","green-logic.net","https://green-logic.net","Green logic","","candidate_found","","https://www.green-logic.net/","","","false","false","false","0","rejected_no_career_page","No provider-hosted Careers/Jobs link found on homepage."
"Green Hybrid Energy Solutions","green hybrid energy solutions","288","0","104","2026-03-26","2026-07-27","Southampton | Astoria | Brooklyn | Bronx | Staten Island | New York | Hartsdale | Irvington","Suffolk | Queens | Kings | Bronx | Richmond | New York | Westchester | Putnam","362","Find official domain, then audit careers/jobs pages for detailed solar offers.","green hybrid energy solutions","ghessolar.com","https://ghessolar.com","Green Hybrid Energy Solutions,","","candidate_found","","https://www.ghessolar.com/","","","false","false","false","0","rejected_no_career_page","No provider-hosted Careers/Jobs link found on homepage."
"Alternative Power Solutions of NY, LLC","alternative power solutions of ny","518","0","94","2025-12-17","2026-06-12","Arkville | East Durham | East Berne | Kingston | Milton | Valatie | Pine Plains | Canaan","Delaware | Greene | Albany | Ulster | Columbia | St Lawrence | Essex | Jefferson","332","Find official domain, then audit careers/jobs pages for detailed solar offers.","alternative power solutions","altpowersolution.com","https://altpowersolution.com","Alternative Power Solutions","","candidate_found","","https://altpowersolution.com/","","","false","false","false","0","rejected_no_career_page","No provider-hosted Careers/Jobs link found on homepage."
"Tri-State Solar Services LLC","tri state solar services","133","0","82","2025-12-09","2026-05-07","Bayside | Howard Beach | Queens Village | Ozone Park | Saint Albans | Bellerose | Staten Island | Bronx","Queens | Richmond | Bronx | New York | Westchester | Rockland | Putnam | Sullivan","296","Find official domain, then audit careers/jobs pages for detailed solar offers.","tri state solar services","tristatesolarservices.com","https://tristatesolarservices.com","Tri State Solar","","candidate_found","","https://tristatesolarservices.com/","","","false","false","false","0","rejected_no_career_page","No provider-hosted Careers/Jobs link found on homepage."
"Solar Pro Inc","solar pro","77","0","77","2026-04-27","2026-06-22","New Hyde Park | Richmond Hill | Flushing | Jamaica | South Ozone Park | College Point | Floral Park | Brooklyn","Nassau | Queens | Kings | Bronx | Rockland | Richmond | Saratoga","281","Find official domain, then audit careers/jobs pages for detailed solar offers.","solar pro","solartexasus.com","https://solartexasus.com","SOLAR PRO","","candidate_found","","","","","false","false","false","0","audit_error","Homepage could not be fetched as HTML."
"My Solar Grid","my solar grid","692","0","70","2025-09-04","2025-12-05","Trumansburg | Brooklyn | Tarrytown | Dobbs Ferry | Cold Spring | Pound Ridge | Armonk | Briarcliff Manor","Schuyler | Kings | Westchester | Putnam | Orange | Sullivan | Rockland | Ulster","260","Find official domain, then audit careers/jobs pages for detailed solar offers.","solar grid","solargridstorage.com","https://solargridstorage.com","Solar Grid Storage","","candidate_found","","","","","false","false","false","0","audit_error","Homepage could not be fetched as HTML."
"Integrity Solar Solutions, LLC","integrity solar solutions","194","0","70","2026-01-21","2026-03-03","Fresh Meadows | Jamaica | Brooklyn | Bronx | Pelham | Rye | Port Chester | Bronxville","Queens | Kings | Bronx | Westchester | Rockland | Putnam | Orange | Sullivan","260","Find official domain, then audit careers/jobs pages for detailed solar offers.","integrity solar solutions","integritysolarsolutions.com","https://integritysolarsolutions.com","Integrity Solar Solutions","","candidate_found","","https://www.integritysolarsolutions.com/","","","false","false","false","0","rejected_no_career_page","No provider-hosted Careers/Jobs link found on homepage."
"Albany Solar Solutions L.L.C.","albany solar solutions","164","0","66","2025-09-26","2026-07-28","Gilboa | Medusa | Cobleskill | Jewett | Schoharie | Shokan | Ravena | Altamont","Schoharie | Albany | Greene | Ulster | Otsego | Columbia | Dutchess | Rensselaer","248","Find official domain, then audit careers/jobs pages for detailed solar offers.","albany solar solutions","albanysolarsolutions.com","https://albanysolarsolutions.com","Albany Solar Saves!","","candidate_found","","https://www.albanysolarsolutions.com/","","","false","false","false","0","rejected_no_career_page","No provider-hosted Careers/Jobs link found on homepage."
"Sunrise Energy Corp.","sunrise energy","330","0","64","2026-03-12","2026-07-09","Medford | Selden | Miller Place | Ronkonkoma | Centereach | Patchogue | East Moriches | Brentwood","Suffolk | Nassau","242","Find official domain, then audit careers/jobs pages for detailed solar offers.","sunrise energy","sunriseenergy.com.co","https://sunriseenergy.com.co","Sunrise Energy","","candidate_found","","https://sunriseenergy.com.co/","","","false","false","false","0","rejected_no_career_page","No provider-hosted Careers/Jobs link found on homepage."
"Smart Home Energy Source","smart home energy source","125","0","52","2026-02-13","2026-05-06","Middle Island | Miller Place | Ronkonkoma | Montauk | Holtsville | Lake Grove | Mattituck | Selden","Suffolk | Nassau | Queens | Kings | Richmond | Bronx | Putnam","206","Find official domain, then audit careers/jobs pages for detailed solar offers.","smart home energy source","smarthomeenergysource.com","https://smarthomeenergysource.com","Smart Home Energy Source","","candidate_found","","https://smarthomeenergysource.com/","","","false","false","false","0","rejected_no_career_page","No provider-hosted Careers/Jobs link found on homepage."
"Sunrise Solar Solutions, LLC","sunrise solar solutions","728","0","46","2024-06-14","2025-01-30","Cutchogue | Port Chester | Hempstead | Bronx | Hastings on Hudson | Pleasantville | Larchmont | Mount Vernon","Suffolk | Westchester | Nassau | Bronx | Rockland | Putnam | Orange | Greene","188","Find official domain, then audit careers/jobs pages for detailed solar offers.","sunrise solar solutions","sunrisesolar-eg.com","https://sunrisesolar-eg.com","SunRise Solar Solutions","","candidate_found","","https://www.sunrisesolar-eg.com/","","","false","false","false","0","rejected_no_career_page","No provider-hosted Careers/Jobs link found on homepage."
"GAF Energy LLC","gaf energy","32","0","32","2024-09-19","2025-02-03","Irvington | Port Chester | Brewster | Somers | Middletown | Kerhonkson | Hopewell Junction | Lagrangeville","Westchester | Putnam | Orange | Ulster | Dutchess | Wayne | Onondaga | Monroe","128","Find official domain, then audit careers/jobs pages for detailed solar offers.","gaf energy","gaf.energy","https://gaf.energy","GAF Energy","","candidate_found","","https://www.gaf.energy/","","","false","false","false","0","rejected_no_career_page","No provider-hosted Careers/Jobs link found on homepage."
"Buffalo Solar Solutions, Inc.","buffalo solar solutions","527","0","31","2026-02-12","2026-07-27","Carmel | Cobleskill | Howes Cave | Fishkill | Dexter | Ontario | Skaneateles | Canandaigua","Putnam | Schoharie | Dutchess | Jefferson | Monroe | Onondaga | Ontario | Erie","143","Find official domain, then audit careers/jobs pages for detailed solar offers.","buffalo solar solutions","buffalosolarsolutions.com","https://buffalosolarsolutions.com","Buffalo Solar Solutions","","candidate_found","","http://buffalosolarsolutions.com/","","","false","false","false","0","rejected_no_career_page","No provider-hosted Careers/Jobs link found on homepage."
"DMV EQUITY, INC.","dmv equity","74","0","29","2025-08-08","2025-12-30","South Ozone Park | Astoria | Staten Island | Bronx | New Rochelle | Yonkers | Tarrytown | Mamaroneck","Queens | Richmond | Bronx | Westchester | Putnam | Rockland | Orange | Greene","137","Find official domain, then audit careers/jobs pages for detailed solar offers.","dmv equity","dmvequityrealestate.com","https://dmvequityrealestate.com","DMV Equity","","candidate_found","","https://dmvequityrealestate.com/","https://dmvequityrealestate.com/?page_id=55","","true","false","false","0","rejected_insufficient_detailed_jobs","Found 0 detailed job page(s); requires at least 3."
"770 Electric Corp.","770 electric","114","0","26","2025-09-20","2026-04-22","Massapequa Park | Levittown | Bethpage | Fresh Meadows | Oakland Gardens | Far Rockaway | Richmond Hill | Howard Beach","Nassau | Queens | Kings | Richmond | New York | Bronx | Westchester","128","Find official domain, then audit careers/jobs pages for detailed solar offers.","electric","electriczoo.com","https://electriczoo.com","Electric Zoo","","candidate_found","","","","","false","false","false","0","audit_error","Homepage could not be fetched as HTML."
"SolEnergy NY LLC","solenergy ny","26","0","26","2025-12-08","2026-07-01","Whitestone | Queens Village | Bronx | Scarsdale | Tarrytown | Hartsdale | Rye | Mount Vernon","Queens | Bronx | Westchester","104","Find official domain, then audit careers/jobs pages for detailed solar offers.","solenergy","sol-energy.at","https://sol-energy.at","SOLeNERGY","","candidate_found","","","","","false","false","false","0","audit_error","Homepage could not be fetched as HTML."
"Croton Energy Group","croton energy group","108","0","25","2025-06-24","2025-09-04","Port Chester | New Rochelle | Rye | Tuckahoe | Hastings on Hudson | Larchmont | Dobbs Ferry | Pleasantville","Westchester | Putnam | Rockland | Rensselaer | Franklin | Warren | Essex | Hamilton","125","Find official domain, then audit careers/jobs pages for detailed solar offers.","croton energy group","crotonenergy.com","https://crotonenergy.com","Croton Energy Group","","candidate_found","","https://www.crotonenergy.com/","","","false","false","false","0","rejected_no_career_page","No provider-hosted Careers/Jobs link found on homepage."
"Solar One, Inc.","solar one","46","0","25","2025-10-29","2026-05-21","Far Rockaway | Little Neck | Flushing | Hollis | Jamaica | Maspeth | Middle Village | Brooklyn","Queens | Kings | Richmond | Bronx | Westchester | Suffolk","121","Find official domain, then audit careers/jobs pages for detailed solar offers.","solar one","solarone.me","https://solarone.me","Solar One","","candidate_found","","https://solarone.me/","","","false","false","false","0","rejected_no_career_page","No provider-hosted Careers/Jobs link found on homepage."
"Next Generation Solar, LLC","next generation solar","86","0","24","2024-07-12","2025-02-11","Winthrop | Camden | Dolgeville | Rensselaer Falls | Watertown | Morristown | Old Forge | Liverpool","St Lawrence | Oneida | Fulton | Jefferson | Herkimer | Onondaga | Cayuga | Oswego","122","Find official domain, then audit careers/jobs pages for detailed solar offers.","next generation solar","nextgenerationsolar.org","https://nextgenerationsolar.org","Next Generation Solar","","candidate_found","","https://www.nextgenerationsolar.org/","https://www.nextgenerationsolar.org/careers","","true","false","false","0","rejected_insufficient_detailed_jobs","Found 0 detailed job page(s); requires at least 3."
"Solarize Plus Inc","solarize plus","24","0","24","2026-02-25","2026-07-30","Brooklyn | Staten Island | Pomona | Spring Valley | Monroe | Highland Mills | Bronx | Mount Kisco","Kings | Richmond | Rockland | Orange | Bronx | Westchester","96","Find official domain, then audit careers/jobs pages for detailed solar offers.","solarize plus","solarizeplus.com","https://solarizeplus.com","Solarize Plus","","candidate_found","","https://www.solarizeplus.com/","","","false","false","false","0","rejected_no_career_page","No provider-hosted Careers/Jobs link found on homepage."
"Sunday Energy LLC","sunday energy","23","0","23","2025-12-03","2026-05-29","Brooklyn | Staten Island","Kings | Richmond","92","Find official domain, then audit careers/jobs pages for detailed solar offers.","sunday energy","sundayenergy.no","https://sundayenergy.no","SUNDAY ENERGY DA","","candidate_found","","","","","false","false","false","0","audit_error","Homepage could not be fetched as HTML."
"J&A Electrical Construction LLC","j a electrical construction","73","0","22","2024-11-20","2025-05-05","Saugerties | Ballston Spa | Rome | Boonville | Forestport | Camden | Taberg | Remsen","Ulster | Saratoga | Oneida | Onondaga | Otsego | Oswego | Herkimer | Hamilton","116","Find official domain, then audit careers/jobs pages for detailed solar offers.","electrical construction","elco-co.com","https://elco-co.com","Electrical Construction & Contracting","","candidate_found","","http://elco-co.com/","","","false","false","false","0","rejected_no_career_page","No provider-hosted Careers/Jobs link found on homepage."
"Marcor Construction, Inc","marcor construction","21","0","19","2026-05-08","2026-06-01","Coram | Centereach | Hampton Bays | Levittown | Mount Sinai | Islandia | Nesconset | Brentwood","Suffolk | Nassau","78","Find official domain, then audit careers/jobs pages for detailed solar offers.","marcor construction","marcorny.com","https://marcorny.com","Marcor Construction","","candidate_found","","https://marcorny.com/","","","false","false","false","0","rejected_no_career_page","No provider-hosted Careers/Jobs link found on homepage."
"Proven Energy Systems LLC","proven energy systems","88","0","18","2025-10-11","2025-12-05","Redwood | Brier Hill | Evans Mills | Hammond | Clayton | Ogdensburg | Cape Vincent | Gouverneur","Jefferson | St Lawrence | Lewis","104","Find official domain, then audit careers/jobs pages for detailed solar offers.","proven energy systems","provenenergysystems.com","https://provenenergysystems.com","Proven Energy Systems","","candidate_found","","https://provenenergysystems.com/","","","false","false","false","0","rejected_no_career_page","No provider-hosted Careers/Jobs link found on homepage."
"Ameresco, Inc.","ameresco","48","0","18","2025-09-23","2026-06-03","Brooklyn | Staten Island | Bronx | New York | Ossining | Carmel | Mahopac | Yorktown Heights","Kings | Richmond | Bronx | New York | Westchester | Putnam | Rockland | Orange","102","Find official domain, then audit careers/jobs pages for detailed solar offers.","ameresco","ameresco.com","https://ameresco.com","Ameresco","","candidate_found","","https://www.ameresco.com/","https://www.ameresco.com/energy-careers-ameresco/|https://www.ameresco.com/portfolio-item/tri-county-career-center-rooftop-solar/","","true","true","false","0","rejected_ats","Known ATS reference found on career page."
"Centurion Solar Energy","centurion solar energy","22","0","17","2025-12-10","2026-05-14","West Islip | Central Islip | Little Neck | College Point | Forest Hills | Woodside | Astoria | Bellerose","Suffolk | Queens | Kings | Richmond | Bronx | Putnam","73","Find official domain, then audit careers/jobs pages for detailed solar offers.","centurion solar energy","centurionsolar.com","https://centurionsolar.com","Centurion Solar Energy","","candidate_found","","https://www.centurion-energy.com/","","","false","false","false","0","rejected_no_career_page","No provider-hosted Careers/Jobs link found on homepage."
"Fourth Coast, Inc","fourth coast","250","0","15","2025-06-18","2026-05-14","La Fargeville | Morris | Clayton | Hammond | Cape Vincent | Gouverneur | Heuvelton | Boonville","Jefferson | Otsego | St Lawrence | Oneida | Franklin | Lewis | Onondaga | Oswego","95","Find official domain, then audit careers/jobs pages for detailed solar offers.","fourth coast","fourthcoast.com","https://fourthcoast.com","Fourth Coast","","candidate_found","","https://www.fourthcoast.com/","","","false","false","false","0","rejected_no_career_page","No provider-hosted Careers/Jobs link found on homepage."
"Aries Power","aries power","35","0","15","2026-05-29","2026-06-23","New Rochelle | Schoharie | Red Hook | New Paltz | Tivoli | Schenectady | Gardiner | Troy","Westchester | Schoharie | Dutchess | Ulster | Albany | Rensselaer | Schenectady | Herkimer","80","Find official domain, then audit careers/jobs pages for detailed solar offers.","aries power","aries-power.com","https://aries-power.com","ARIES Power Systems","","candidate_found","","https://aries-power.com/","","","false","false","false","0","rejected_no_career_page","No provider-hosted Careers/Jobs link found on homepage."
"Ecovis Group Inc","ecovis group","15","0","14","2023-12-28","2026-07-23","Buffalo | East Amherst","Erie","57","Find official domain, then audit careers/jobs pages for detailed solar offers.","ecovis group","ecovisgroup.com","https://ecovisgroup.com","Ecovis Commercial","","candidate_found","","","","","false","false","false","0","audit_error","Homepage could not be fetched as HTML."
"Solar Energy Systems, LLC","solar energy systems","182","0","13","2023-10-11","2025-12-02","Commack | Oakland Gardens | Bayside | Flushing | Richmond Hill | Kew Gardens | Jamaica | Little Neck","Suffolk | Queens | Kings | Richmond | New York | Bronx | Westchester | Rockland","89","Find official domain, then audit careers/jobs pages for detailed solar offers.","solar energy systems","solaresystems.com","https://solaresystems.com","Solar Energy Systems","","candidate_found","","https://www.solaresystems.com/","","","false","false","false","0","rejected_no_career_page","No provider-hosted Careers/Jobs link found on homepage."
"John Mills Electric Inc.","john mills electric","124","0","13","2025-12-05","2026-05-06","Johnson City | Horseheads | Elmira | Pine City | Marathon | Vestal | Big Flats | Spencer","Broome | Chemung | Cortland | Tompkins | Tioga | Livingston | Ontario | Steuben","89","Find official domain, then audit careers/jobs pages for detailed solar offers.","john mills electric","johnmillselectric.com","https://johnmillselectric.com","John Mills Electric","","candidate_found","","https://www.johnmillselectric.com/","","","false","false","false","0","rejected_no_career_page","No provider-hosted Careers/Jobs link found on homepage."
"Jordan Energy & Food Enterprises, LLC","jordan energy food enterprises","21","0","13","2025-12-11","2026-02-10","Liberty | Walden | Goshen | Sharon Springs | New Paltz | Kingston | Salt Point | Hoosick Falls","Sullivan | Orange | Schoharie | Ulster | Dutchess | Rensselaer | Columbia | Saratoga","60","Find official domain, then audit careers/jobs pages for detailed solar offers.","jordan energy food enterprises","jordanenergy.org","https://jordanenergy.org","Jordan Energy & Food Enterprises","","candidate_found","","https://www.jordanenergy.org/","","","false","false","false","0","rejected_no_career_page","No provider-hosted Careers/Jobs link found on homepage."
"REpower, LLC","repower","20","0","12","2025-04-08","2026-03-27","Woodside | Bronx | White Plains | New Rochelle | Port Chester | Tarrytown | Waccabuc","Queens | Bronx | Westchester","56","Find official domain, then audit careers/jobs pages for detailed solar offers.","repower","repower.com","https://repower.com","Repower","","candidate_found","","https://www.repower.com/ch","https://www.repower.com/ch/jobs/deine-repower|https://www.repower.com/ch/jobs/offene-stellen|https://www.repower.com/ch/jobs/quereinstieg|https://www.repower.com/ch/jobs/lehre|https://www.repower.com/ch/jobs/offene-lehrstellen|https://www.repower.com/ch/jobs/dein-bewerbungsprozess-bei-repower","","true","false","false","0","rejected_insufficient_detailed_jobs","Found 0 detailed job page(s); requires at least 3."
"1st Light Energy","1st light energy","1183","0","10","2025-03-19","2026-07-03","Massapequa | West Hempstead | Far Rockaway | College Point | South Richmond Hill | Lynbrook | Ozone Park | Fresh Meadows","Nassau | Queens | Kings | Richmond | Bronx | New York | Westchester | Rockland","80","Find official domain, then audit careers/jobs pages for detailed solar offers.","light energy","lightenergydevelopment.net","https://lightenergydevelopment.net","Light Energy Development","","candidate_found","","https://lightenergydevelopment.net/","","","false","false","false","0","rejected_no_career_page","No provider-hosted Careers/Jobs link found on homepage."
"Skyline Solar Inc.","skyline solar","196","0","9","2025-10-02","2025-10-31","Camden | Henderson | Alexandria Bay | Mexico | Hannibal | Central Square | Oswego | Fulton","Oneida | Jefferson | Oswego | Cayuga | Onondaga | Cortland | Madison | Herkimer","77","Find official domain, then audit careers/jobs pages for detailed solar offers.","skyline solar","skylinesolarpower.com","https://skylinesolarpower.com","Skyline Solar","","candidate_found","","https://bonusy-bez-depozytu.pl/","","","false","false","false","0","rejected_no_career_page","No provider-hosted Careers/Jobs link found on homepage."
"HORIZON SOLAR LLC","horizon solar","79","0","9","2025-10-31","2026-04-30","Southampton | Medford | Selden | Port Jefferson | Shirley | Centereach | Manorville | Patchogue","Suffolk | Nassau","77","Find official domain, then audit careers/jobs pages for detailed solar offers.","horizon solar","horizonsolarelectric.com","https://horizonsolarelectric.com","Horizon Solar Electric","","candidate_found","","https://horizonsolarelectric.com/index.html","","","false","false","false","0","rejected_no_career_page","No provider-hosted Careers/Jobs link found on homepage."
"OPAL ENERGY GROUP LLC","opal energy group","9","0","9","2026-03-13","2026-07-06","Pleasantville | Newburgh | Highland | Kingston | Medina | Ovid | Lakeville","Westchester | Orange | Ulster | Orleans | Seneca | Livingston","36","Find official domain, then audit careers/jobs pages for detailed solar offers.","opal energy group","opal.energy","https://opal.energy","Opal Energy Group","","candidate_found","","https://www.opal.energy/","","","false","false","false","0","rejected_no_career_page","No provider-hosted Careers/Jobs link found on homepage."
"Sundog Solar, Inc.","sundog solar","181","0","8","2025-11-25","2026-04-14","Westerlo | Delanson | Hensonville | Elka Park | Ravena | Rhinebeck | Kingston | Altamont","Albany | Schoharie | Greene | Dutchess | Ulster | Delaware | Otsego | Columbia","74","Find official domain, then audit careers/jobs pages for detailed solar offers.","sundog solar","sundog.solar","https://sundog.solar","Sundog Solar","","candidate_found","","https://www.sundog.solar/","https://www.sundog.solar/join-our-team","","true","false","false","0","rejected_insufficient_detailed_jobs","Found 0 detailed job page(s); requires at least 3."
"EVO ENERGY INC","evo energy","8","0","8","2025-06-27","2025-11-05","New Windsor | Dover Plains | Marlboro | Poughkeepsie | Hyde Park | Jay | Penn Yan","Orange | Dutchess | Ulster | Essex | Yates","32","Find official domain, then audit careers/jobs pages for detailed solar offers.","evo energy","joinevoenergy.com","https://joinevoenergy.com","EVO Energy","","candidate_found","","https://www.hugedomains.com/domain_profile.cfm?d=joinevoenergy.com","","","false","false","false","0","rejected_no_career_page","No provider-hosted Careers/Jobs link found on homepage."
"Upstate Alternative Energy","upstate alternative energy","110","0","7","2025-09-09","2025-10-30","Kirkville | Brewerton | Syracuse | Oswego | Phoenix | Pulaski | Marietta | Cazenovia","Onondaga | Oswego | Madison | Oneida | Cayuga | Jefferson | Cortland | Wayne","71","Find official domain, then audit careers/jobs pages for detailed solar offers.","upstate alternative energy","upstate-ae.com","https://upstate-ae.com","Upstate Alternative Energy","","candidate_found","","https://upstate-ae.com/","","","false","false","false","0","rejected_no_career_page","No provider-hosted Careers/Jobs link found on homepage."
"Powerlutions","powerlutions","36","0","7","2024-09-05","2026-03-12","East Islip | Brooklyn | Long Island City | Pomona | Thiells | Garnerville | New City | Suffern","Suffolk | Kings | Queens | Rockland | Orange","57","Find official domain, then audit careers/jobs pages for detailed solar offers.","powerlutions","powerlutions.com","https://powerlutions.com","PowerLutions Solar","","candidate_found","","https://powerlutions.com/","","","false","false","false","0","rejected_no_career_page","No provider-hosted Careers/Jobs link found on homepage."
"Solar Bear Energy LLC","solar bear energy","10","0","7","2024-11-22","2025-04-02","Westtown | Cornwall | Woodridge | Bloomingburg | Livingston Manor | Goshen | Highland Lake | Glen Spey","Orange | Sullivan","31","Find official domain, then audit careers/jobs pages for detailed solar offers.","solar bear energy","solarbearenergy.com","https://solarbearenergy.com","Solar Bear Energy","","candidate_found","","https://solarbearenergy.com/","https://solarbearenergy.com/contact.html","","true","false","false","0","rejected_insufficient_detailed_jobs","Found 0 detailed job page(s); requires at least 3."
"Freedom Solar","freedom solar","259","0","5","2024-05-30","2026-04-14","Flushing | Jackson Heights | Scarsdale | Cortlandt Manor | Ellenville | Wappingers Falls | Albany | Blossvale","Queens | Westchester | Ulster | Dutchess | Albany | Oneida | Saratoga | Clinton","65","Find official domain, then audit careers/jobs pages for detailed solar offers.","freedom solar","freedomsolarpower.com","https://freedomsolarpower.com","Freedom Solar","","candidate_found","","https://www.gofreedompower.com/","","","false","false","false","0","rejected_no_career_page","No provider-hosted Careers/Jobs link found on homepage."
"altPower, Inc.","altpower","88","0","5","2024-05-23","2025-11-20","Bayside | Richmond Hill | Queens Village | Oakland Gardens | Woodside | Forest Hills | Rego Park | Corona","Queens | Kings | New York | Richmond | Bronx | Westchester | Putnam | Dutchess","65","Find official domain, then audit careers/jobs pages for detailed solar offers.","altpower","altpower.com","https://altpower.com","altPOWER","","candidate_found","","https://www.altpower.com/","","","false","false","false","0","rejected_no_career_page","No provider-hosted Careers/Jobs link found on homepage."
"AMERICAN SOLAR PARTNERS, LLC","american solar partners","540","0","4","2025-04-08","2026-07-01","Shirley | Patchogue | Sound Beach | Lake Grove | Farmingville | Sag Harbor | Coram | Ronkonkoma","Suffolk | Nassau | Queens | Kings | Richmond | Bronx | New York | Westchester","62","Find official domain, then audit careers/jobs pages for detailed solar offers.","american solar partners","americansolarpartners.com","https://americansolarpartners.com","American Solar Partners","","candidate_found","","https://www.americansolarpartners.com/","","","false","false","false","0","rejected_no_career_page","No provider-hosted Careers/Jobs link found on homepage."
"Solar Alchemy, Inc.","solar alchemy","67","0","4","2024-05-11","2025-02-14","Wurtsboro | Livingston Manor | Sparrow Bush | Otisville | Warwick | Middletown | Mountain Dale | Pine Bush","Sullivan | Orange | Ulster | Greene | Dutchess","62","Find official domain, then audit careers/jobs pages for detailed solar offers.","solar alchemy","solaralchemypv.com","https://solaralchemypv.com","Solar Alchemy","","candidate_found","","http://www.solaralchemypv.com/","","","false","false","false","0","rejected_no_career_page","No provider-hosted Careers/Jobs link found on homepage."
"Power Guru, LLC","power guru","21","0","4","2025-10-11","2026-02-13","Cambridge | Hoosick Falls | Delmar | Eagle Bridge | Buskirk | Johnsonville | Argyle | Galway","Washington | Rensselaer | Albany | Saratoga","33","Find official domain, then audit careers/jobs pages for detailed solar offers.","power guru","power-guru.com","https://power-guru.com","Power Guru","","candidate_found","","https://www.power-guru.com/","","","false","false","false","0","rejected_no_career_page","No provider-hosted Careers/Jobs link found on homepage."
"Renua Energy Inc.","renua energy","4","0","4","2025-12-11","2026-04-14","Parksville | Beacon | Delmar | Canton","Sullivan | Dutchess | Albany | St Lawrence","16","Find official domain, then audit careers/jobs pages for detailed solar offers.","renua energy","renuaenergy.com","https://renuaenergy.com","Renua Energy","","candidate_found","","https://renuaenergy.com/","","","false","false","false","0","rejected_no_career_page","No provider-hosted Careers/Jobs link found on homepage."
"SunCommon II; LLC","suncommon ii","4","0","4","2026-04-23","2026-07-24","Roxbury | Clinton Corners | Hillsdale","Delaware | Dutchess | Columbia","16","Find official domain, then audit careers/jobs pages for detailed solar offers.","suncommon","suncommon.com","https://suncommon.com","SunCommon","","candidate_found","","https://suncommon.com/","https://suncommon.com/careers/","","true","true","false","0","rejected_ats","Known ATS reference found on career page."
"Dragon Solar LLC","dragon solar","20","0","3","2023-07-13","2023-08-29","Groton | Cortland | Homer | La Fayette | Spencer | Rochester | Churchville | Conesus","Tompkins | Cortland | Onondaga | Monroe | Livingston","29","Find official domain, then audit careers/jobs pages for detailed solar offers.","dragon solar","dragoncontractors.com","https://dragoncontractors.com","Dragon Solar","","candidate_found","","https://dragoncontractors.com/","","","false","false","false","0","rejected_no_career_page","No provider-hosted Careers/Jobs link found on homepage."
"Core Development Group, LLC","core development group","3","0","3","2024-10-09","2025-11-04","Jamaica | Maspeth","Queens","12","Find official domain, then audit careers/jobs pages for detailed solar offers.","core development group","coredevusa.com","https://coredevusa.com","Core Development Group","","candidate_found","","https://www.coredevusa.com/","https://www.coredevusa.com/company/careers/","","true","false","true","0","rejected_jobposting","JobPosting schema found on career page."
"JG Renovations LLC","jg renovations","3","0","3","2025-12-04","2026-01-28","Felts Mills | Fulton | Syracuse","Jefferson | Oswego | Onondaga","12","Find official domain, then audit careers/jobs pages for detailed solar offers.","renovations","21renovations.com","https://21renovations.com","21 Renovations","","candidate_found","","https://21renovations.com/","","","false","false","false","0","rejected_no_career_page","No provider-hosted Careers/Jobs link found on homepage."
"Crest Solar, LLC","crest solar","86","0","2","2023-05-06","2023-08-21","Schoharie | Warnerville | Granville | Fort Ann | Plattsburgh | Norfolk | Westport | Ellenburg Depot","Schoharie | Washington | Clinton | St Lawrence | Essex | Franklin | Warren | Schenectady","56","Find official domain, then audit careers/jobs pages for detailed solar offers.","crest solar","crestsolarpower.com","http://crestsolarpower.com/","Crest Solar LLC: Home","[curt@crestsolarpower.com](mailto:curt@crestsolarpower.com)

## Business Hours
Crest Solar LLC","candidate_found","","","","","false","false","false","0","audit_error","Homepage could not be fetched as HTML."
"Max Solar, Inc.","max solar","63","0","2","2023-03-07","2023-05-18","Black River | Watertown | Carthage | Lowville | Alexandria Bay | Natural Bridge | Winthrop | Rensselaer Falls","Jefferson | Lewis | St Lawrence | Hamilton | Livingston","56","Find official domain, then audit careers/jobs pages for detailed solar offers.","max solar","maxsolarinc.com","https://maxsolarinc.com","Max Solar","","candidate_found","","","","","false","false","false","0","audit_error","Homepage could not be fetched as HTML."
"Nautilus Solar Energy, LLC","nautilus solar energy","23","0","2","2023-11-29","2026-06-24","Port Jervis | Westtown | Chester | Altamont | Champlain | Rexford | Camden | Canton","Orange | Albany | Clinton | Saratoga | Oneida | St Lawrence | Onondaga | Chenango","29","Find official domain, then audit careers/jobs pages for detailed solar offers.","nautilus solar energy","nautilussolar.com","https://nautilussolar.com","Nautilus Solar Energy","","candidate_found","","https://nautilussolar.com/","https://nautilussolar.com/careers","","true","true","false","0","rejected_ats","Known ATS reference found on career page."
"Buffalo Renewables, Inc.","buffalo renewables","4","0","2","2025-10-08","2026-01-09","Java Center | Batavia | North Tonawanda | Houghton","Wyoming | Genesee | Niagara | Allegany","10","Find official domain, then audit careers/jobs pages for detailed solar offers.","buffalo renewables","buffalorenewables.green","https://buffalorenewables.green","Buffalo Renewables","","candidate_found","","https://buffalorenewables.green/","https://buffalorenewables.green/career-opportunities/|https://buffalorenewables.green/events/","","true","false","false","0","rejected_insufficient_detailed_jobs","Found 0 detailed job page(s); requires at least 3."
"Grid City Electric Corp","grid city electric","334","0","1","2023-01-06","2023-04-10","Ridge | Medford | Selden | Mastic Beach | Shirley | East Moriches | Southampton | Stony Brook","Suffolk | Nassau | Queens | Kings | Richmond | New York | Bronx","53","Find official domain, then audit careers/jobs pages for detailed solar offers.","grid city electric","gridcitysolar.com","https://gridcitysolar.com","Grid City Electric","","candidate_found","","https://gridcitysolar.com/","","","false","false","false","0","rejected_no_career_page","No provider-hosted Careers/Jobs link found on homepage."
"GO SOLAR/GREEN NY LLC","go solar green ny","110","0","1","2023-11-23","2024-04-08","Bay Shore | Lindenhurst | West Babylon | Jamaica | Rockaway Park | Bellerose | Baldwin | Fresh Meadows","Suffolk | Queens | Nassau | Kings | Richmond | New York | Bronx | Westchester","53","Find official domain, then audit careers/jobs pages for detailed solar offers.","solar green","solargreen.ph","https://solargreen.ph","SOLAR GREEN","","candidate_found","","","","","false","false","false","0","audit_error","Homepage could not be fetched as HTML."
"Kool-Temp Heating & Cooling Inc.","kool temp heating cooling","18","0","1","2024-02-08","2024-06-03","West Coxsackie | Earlton | Athens | Palenville | Ravena | Greenville | East Durham | Hudson","Greene | Albany | Columbia | Dutchess | Rensselaer","21","Find official domain, then audit careers/jobs pages for detailed solar offers.","kool temp heating cooling","kooltemp.com","https://kooltemp.com","Kool Temp Heating & Cooling","","candidate_found","","https://kooltemp.com/","","","false","false","false","0","rejected_no_career_page","No provider-hosted Careers/Jobs link found on homepage."
"Vanguard Energy Partners, LLC","vanguard energy partners","8","0","1","2025-05-01","2026-05-21","Lake Grove | Farmingville | Holbrook | Holtsville | New York | Tarrytown | Angola","Suffolk | New York | Westchester | Erie","11","Find official domain, then audit careers/jobs pages for detailed solar offers.","vanguard energy partners","vanguardenergypartners.com","https://vanguardenergypartners.com","Vanguard Energy Partners","","candidate_found","","https://www.vanguardenergypartners.com/","","","false","true","false","0","rejected_ats","Known ATS reference found on homepage."
"Summit Solar Company LLC","summit solar","7","0","1","2025-02-13","2025-04-21","Flushing | Rosedale | Jamaica | Springfield Gardens | Astoria | Staten Island","Queens | Richmond","10","Find official domain, then audit careers/jobs pages for detailed solar offers.","summit solar","mysummitsolar.com","https://mysummitsolar.com","Summit Solar","","candidate_found","","","","","false","false","false","0","audit_error","Homepage could not be fetched as HTML."
"New England Solar & Green Solutions, Inc.","new england solar green solutions","7","0","1","2023-08-29","2024-11-20","Hillsdale | East Schodack | Schenectady | Cohoes | Hudson | Latham | Petersburg","Columbia | Rensselaer | Schenectady | Albany","10","Find official domain, then audit careers/jobs pages for detailed solar offers.","new england solar green solutions","nesolarandgreen.com","https://nesolarandgreen.com","New England Solar & Green Solutions","","candidate_found","","https://nesolarandgreen.com/","","","false","false","false","0","rejected_no_career_page","No provider-hosted Careers/Jobs link found on homepage."
