licenseNumber,businessName,cityStateZip,candidateDomain,matchedCompanyName,confidenceScore,status,error
37740,1 SOLAR SOLUTION LLC,FRISCO TX 75033-8695,1solarsolution.com,"1 Solar Solution, LLC",99,candidate_found,
36998,AMERICAN DREAM SOLAR LLC,CROWLEY TX 76036-4142,adsolarusa.com,American Dream Solar LLC,99,candidate_found,
37519,CUSTOM PRO ROOFING & SOLAR,DALLAS TX 75229,custompro.us,Custom Pro Roofing & Solar,99,candidate_found,
22994,CUSTOM SOLAR ELECTRIC,AUSTIN TX 78748,customsolarelectric.com,Custom Solar Electric,99,candidate_found,
29469,DFW SOLAR ELECTRIC LLC,FLOWER MOUND TX 75022,dfwsolarelectric.com,DFW Solar Electric LLC,99,candidate_found,
36539,"ELIAS SOLAR, INC.",HOUSTON TX 77018-5044,elias.solar,"Elias Solar, Inc.",99,candidate_found,
38765,EMPOWER SOLAR INC,HOUSTON TX 77066-1216,empoweryourhome.com,"Empower Solar, Inc",99,candidate_found,
35996,FAMILY SOLAR COMPANY,FRISCO TX 75034,familysolarcompany.com,Family Solar Company,99,candidate_found,
37970,GLOBAL SOLAR GROUP,EL PASO TX 79936,globalsolargrp.com,GLOBAL SOLAR GROUP,99,candidate_found,
28367,GREENBELT SOLAR LLC,AUSTIN TX 78745,greenbeltsolar.com,Greenbelt Solar LLC,99,candidate_found,
36117,"HARVEST SOLAR OF TEXAS, LLC",HOUSTON TX 77035,harvestsolaroftexas.com,"Harvest Solar of Texas, LLC",99,candidate_found,
32960,INFINITY SOLAR,,,Infinity Solar,81,ambiguous_match,
31105,INFINITY SOLAR SOLUTIONS LLC,SAN ANGELO TX 76903,infinitysolarsolutions.net,"INFINITY SOLAR SOLUTIONS, LLC",99,candidate_found,
36120,INFINITY SOLAR USA,FARMERS BRANCH TX 75234,infinitysolarusa.com,Infinity Solar USA,99,candidate_found,
39177,LPL SOLAR LLC,FORT LAUDERDALE FL 33316-4126,lplsolar.com,LPL Solar LLC,99,candidate_found,
37254,MCF SOLAR LLC,LUFKIN TX 75901-5729,mcfsolar.com,MCF Solar LLC,99,candidate_found,
36893,NEXT GENERATION SOLAR,FORT WORTH TX 76179,nextgenerationsolar.org,Next Generation Solar,94,candidate_found,
31318,ONE80 SOLAR,SAN ANTONIO TX 78204-1638,one80solar.com,One80 Solar,99,candidate_found,
36125,"QUANTUM SOLAR POWER, LLC",EL PASO TX 79905,qtmsolar.com,"Quantum Solar Power, LLC",99,candidate_found,
35709,"SECURITY SOLAR, LLC",ROUND ROCK TX 78665,,SOLAR UNION SECURITY LLC,99,ambiguous_match,
35385,SOLAR ALTERNATIVES INC,HARAHAN LA 70123-2155,,"Solar Alternatives, Inc. - Shreveport",99,ambiguous_match,
33215,SOLAR EDGE PROS LLC,SAN ANTONIO TX 78216-2621,solaredgepros.com,Solar Edge Pros LLC,99,candidate_found,
18011,SOLAR ELECTRIC TEXAS LLC,SAN ANTONIO TX 78229,solarelectrictexas.com,SOLAR ELECTRIC TEXAS LLC,99,candidate_found,
38546,SOLAR PLUS LLC,MIDLOTHIAN TX 76065-4588,solarplusllc.com,"Solar Plus, LLC",99,candidate_found,
27852,"SOLAR SMART LIVING, LLC",SANTA TERESA NM 88008,solarsmartliving.com,"Solar Smart Living, LLC",99,candidate_found,
33434,"SOLAR SME, INC.",DALLAS TX 75212-7612,solarsme.com,"Solar SME, Inc.",99,candidate_found,
30019,SOUTH TEXAS SOLAR SYSTEMS,SAN ANTONIO TX 78217-4449,txsolarsystems.com,"South Texas Solar Systems, Inc.",99,candidate_found,
36510,STARALT SOLAR,MCALLEN TX 78501,staraltsolar.com,StarAlt Solar,99,candidate_found,
35852,STG SOLAR,PISGAH FOREST NC 28768,stgsolarco.com,STG Solar,99,candidate_found,
35309,TEXAS BEST SOLAR,LEWISVILLE TX 75057,texasbestsolar.com,Texas Best Solar,99,candidate_found,
30629,TEXAS SOLAR ENERGY,HUMBLE TX 77396-6046,texsolarenergy.com,TEXAS SOLAR ENERGY,99,candidate_found,
26492,TEXAS SOLAR POWER COMPANY,AUSTIN TX 78723-1074,txspc.com,Texas Solar Power Company,99,candidate_found,
38354,TEXON SOLAR ENERGY LLC,ALVIN TX 77511-7807,texonsolar.com,Texon Solar Energy LLC,99,candidate_found,
26497,"WRIGHT WAY SOLAR TECHNOLOGIES, LLC",TYLER TX 75703,wright-way.com,"Wright-Way Solar Technologies, LLC",99,candidate_found,
36276,RENEWABLE POWER SOLUTIONS,GRANBURY TX 76048-5894,rps-solar.com,"Renewable Power Solutions, Inc.",99,candidate_found,
34554,180 SOLAR & ELECTRIC LTD,AUSTIN TX 78749-1152,,,,no_domain_candidate,
30667,512 SOLAR LLC,AUSTIN TX 78746-6446,512solar.com,512 Solar,99,candidate_found,
37408,A.V.I. LLC DBA SOLAR SUNNY SIDE UP,SAN ANTONIO TX 78217,,,,no_domain_candidate,
39240,ABEL SOLAR,KATY TX 77494-6723,,,,no_domain_candidate,
41796,AC SOLAR & ELECTRIC LLC,LAS CRUCES NM 88001-1563,,,,no_domain_candidate,
31823,ACCURATE ELECTRIC AND SOLAR LLC,EL PASO TX 79938-5346,,,,no_domain_candidate,
35072,ADAMES ELECTRIC & SOLAR LLC,BALCH SPRINGS TX 75180-2479,,Adames Electric and Solar,99,ambiguous_match,
27328,ADVANCED SOLAR AND ELECTRIC LLC,CIBOLO TX 78108-3506,advancedsolar.com,Advanced Solar and Electric L.L.C.,99,candidate_found,
37216,AFFORDABLE SOLAR ROOF & AIR LLC,TOMBALL TX 77375-8293,solarroofair.com,"Affordable Solar, Roof, & Air",99,candidate_found,
36596,ALPHA SOLAR SOLUTIONS LLC,SAN ANTONIO TX 78228-1417,alphasolarsolutions.com,Alpha Solar Solutions,99,candidate_found,
40308,ARC SOLAR & EV SOLUTIONS,LYTLE TX 78052-3560,,,,no_domain_candidate,
26176,ARIZONA SOLAR SOLUTIONS INC,FORT WORTH TX 76137-6933,,,,no_domain_candidate,
36379,ASAP SOLAR LLC,TYLER TX 75703-6537,,,,no_domain_candidate,
35675,"ASTRAWATT SOLAR, LLC",WEBSTER TX 77598-2336,astrawatt.solar,Astrawatt Solar,99,candidate_found,
40305,ATOM ELECTRIC AND SOLAR,FORT WORTH TX 76111-1805,,,,no_domain_candidate,
37831,ATX SOLAR LLC,HUTTO TX 78634-2513,goatxsolar.com,ATX Solar,99,candidate_found,
35834,AWAKE SOLAR LLC,HOUSTON TX 77085,,,,no_domain_candidate,
37167,AXIA SOLAR CORP,IRVINE CA 92618-5021,,,,no_domain_candidate,
33639,AXIS SOLAR LLC,AUSTIN TX 78704,axis-solar.com,Axis Solar,99,candidate_found,
25739,AXIUM SOLAR INC,MCKINNEY TX 75071,axiumsolar.com,Axium Solar,99,candidate_found,
41667,BLACK WOLF SOLAR LLC,DALLAS TX 75254,,,,no_domain_candidate,
41450,BRAVO ZULU SOLAR LLC,SPRINGTOWN TX 76082-5478,,,,no_domain_candidate,
35724,BUMBLEBEE SOLAR LLC,HUMBLE TX 77396-2712,,,,no_domain_candidate,
38748,CC SOLAR,CORPUS CHRISTI TX 78401-3255,,,,no_domain_candidate,
34933,CENTRAL TEXAS SOLAR LLC,SAN ANTONIO TX 78213,solar.com,CENTRAL TEXAS SOLAR,99,candidate_found,
33086,CEP ELECTRIC & SOLAR LLC,MCALLEN TX 78501-5977,,,,no_domain_candidate,
38249,"CILCIA, LLC VALOR SOLAR",DAMON TX 77430-8673,,,,no_domain_candidate,
32697,CIRCLE L SOLAR INC,FORT WORTH TX 76117,circlelsolar.com,Circle L Solar,99,candidate_found,
38106,CMB SOLAR SOLUTIONS LLC,EL PASO TX 79912-4655,,,,no_domain_candidate,
35647,COMPLETE SOLAR INC,OREM UT 84097,completesolar.com,Complete Solar,99,candidate_found,
36372,CORENERG LLC DBA CORE SOLAR,DALLAS TX 75238,,,,no_domain_candidate,
41598,CR SOLAR LLC,CHICAGO IL 60612-1577,,,,no_domain_candidate,
39972,CREATUM SOLAR LLC,HOUSTON TX 77066-1003,creatumsolar.com,Creatum Solar,99,candidate_found,
41428,CREDIBLE SOLAR AND ROOFING LLC,LITTLE ELM TX 75068-7828,,,,no_domain_candidate,
41187,DANTE SOLAR REPAIR LLC,AUSTIN TX 78731,,,,no_domain_candidate,
37071,"DAWN TO DUSK SOLAR TEXAS, LLC",FARMERS BRANCH TX 75234,solardawntodusk.com,Dawn to Dusk Solar Texas,99,candidate_found,
40536,DETACH RESET SOLAR LLC,AUSTIN TX 78731-4298,detachresetsolar.com,Detach Reset Solar,99,candidate_found,
41673,DIECO ENERGY SOLAR AND ELECTRICAL,SAN ANTONIO TX 78209-3232,,,,no_domain_candidate,
37397,"DIVIDED SKY ROOFING & SOLAR, LLC",SAN MARCOS TX 78666-5549,,Divided Sky Roofing and Solar,99,ambiguous_match,
40173,DT SOLAR LLC,BROWNSVILLE TX 78520-9647,,,,no_domain_candidate,
38061,E.A. SOLAR & HOME SERVICES LLC,CONROE TX 77303-3250,,,,no_domain_candidate,
38038,EAGLE SOLAR POWER LLC,MANSFIELD TX 76063,eaglesolarpower.com,Eagle Solar Power,99,candidate_found,
40318,"EARTH SMART SOLAR, LLC",SAN ANTONIO TX 78258,earthsmartsolar.com,EARTH SMART SOLAR INC,99,candidate_found,
33539,EASTEX SOLAR,PALESTINE TX 75803-0625,,,,no_domain_candidate,
37330,ECLIPSE SOLAR & HOME SOLUTIONS INC.,AUSTIN TX 78731-4298,,,,no_domain_candidate,
37060,EDISON SOLAR LLC,PLANO TX 75075-4200,,Solar Edison,94,ambiguous_match,
38497,ELDRIGE ROOFING & SOLAR,SPRING TX 77379-3424,,,,no_domain_candidate,
31577,ELEVATION SOLAR LLC,CHANDLER AZ 85286,,,,no_domain_candidate,
35557,"ELITE SOLAR ARP SOLUTIONS, LLC",EL PASO TX 79935-5304,,,,no_domain_candidate,
39263,EMPWR SOLAR LLC,MOUNT PLEASANT SC 29464,empwrsolar.com,EMPWR Solar,99,candidate_found,
25720,ENGEL SOLAR-ELECTRIC,CONVERSE TX 78109,,,,no_domain_candidate,
39448,ENLIGHT SOLAR SOLUTIONS LLC,SULPHUR SPRINGS TX 75482-3529,,,,no_domain_candidate,
37441,ENTO PRODUCTIONS INC DBA BRIGHT SOLAR,HOUSTON TX 77066-1024,,,,no_domain_candidate,
40035,EPC SOLAR LLC,ALEDO TX 76008-1844,,"Solar EPC, a service of Momentum Bay",99,ambiguous_match,
38512,EVOLUTION SOLAR SOLUTIONS LLC,MURPHY TX 75094-3728,,,,no_domain_candidate,
38998,FRANS SOLAR ELECTRIC,UNIVERSAL CITY TX 78148-8154,,,,no_domain_candidate,
36814,GLYDE SOLAR LLC,PLEASANT GROVE UT 84062,glydesolar.com,Glyde Solar,99,candidate_found,
41633,GO SOLAR AND ROOFING LLC,LUBBOCK TX 79404-6174,,,,no_domain_candidate,
35375,GO SOLAR POWER LLC,ADDISON TX 75001,gosolarpower.com,Go Solar Power,99,candidate_found,
38601,GOODPWR SOLAR LLC,ARVADA CO 80007,,,,no_domain_candidate,
33940,GREATER TEXAS SOLAR LLC,MASON TX 76856,,,,no_domain_candidate,
32051,GREEN LIGHT SOLAR LLC,HOUSTON TX 77032-4087,https://n/a,Green Light Solar,99,candidate_found,
41448,GRIDCRAFT SOLAR,ROUND ROCK TX 78664-8559,,,,no_domain_candidate,
32590,GS SOLAR LLC DBA BIG SUN SOLAR,SAN ANTONIO TX 78215-1269,,,,no_domain_candidate,
38037,HARVEST SOLAR INC.,GARLAND TX 75040,,Harvest Solar,83,ambiguous_match,
39995,HDEZ ELECTRIC/SOLAR LLC,ARLINGTON TX 76015-4326,,,,no_domain_candidate,
39298,HILL COUNTRY SOLAR LLC,FREDERICKSBURG TX 78624-4227,,,,no_domain_candidate,
40995,HONEST SOLAR LLC,AUSTIN TX 78744-3009,,Honest Solar Solutions,99,ambiguous_match,
38653,HUB CITY SOLAR LLC,LUBBOCK TX 79423-2046,,,,no_domain_candidate,
38471,IMMEDIATE SOLAR LLC,RICHARDSON TX 75081-1865,immediatesolar.org,Immediate Solar,99,candidate_found,
38126,INTEGRITY ELECTRIC & SOLAR LLC,CHANDLER TX 75758,,,,no_domain_candidate,
37666,INTEGRITY SOLAR USA LLC,SUNSET TX 76270-2161,,Integrity Solar Systems USA,99,ambiguous_match,
33693,J & D ELECTRIC & SOLAR LLC,DALLAS TX 75227,,,,no_domain_candidate,
38802,JANI SOLAR LLC,RICHARDSON TX 75081,,,,no_domain_candidate,
36453,JEH SOLAR LLC,LAFAYETTE LA 70508,jehsolar.com,JEH Solar,99,candidate_found,
36417,JILES SOLAR POWER LLC,NEW BRAUNFELS TX 78130,,,,no_domain_candidate,
39880,JOULE SOLAR OPERATIONS LLC,AUSTIN TX 78731-4298,,,,no_domain_candidate,
38990,KINGS ELECTRIC & SOLAR LLC,SAN ANTONIO TX 78254-5948,,,,no_domain_candidate,
40712,KSG ELECTRIC AND SOLAR SERVICES,SACRAMENTO CA 95825-1474,,,,no_domain_candidate,
40529,KW SOLAR LLC,KATY TX 77493-2411,kw.solar,KW Solar,99,candidate_found,
41323,LIFETIME SOLAR LLC,KANSAS CITY MO 64105-2106,lifetimesolarenergy.com,Lifetime Solar,88,candidate_found,
40997,LOGIC SOLAR LLC,OVERLAND PARK KS 66210-2332,,Pure Logic Solar,99,ambiguous_match,
35443,LONE STAR SOLAR SERVICES LLC,HOUSTON TX 77086,,,,no_domain_candidate,
37877,LUXURY ENERGY SOLAR LLC,HOUSTON TX 77039,,,,no_domain_candidate,
38799,MATHIS SOLAR LLC,ARLINGTON TX 76012-3201,,,,no_domain_candidate,
39603,"MAXIMA SOLAR CONTRACTORS, LLC",SAN ANTONIO TX 78233-5416,,,,no_domain_candidate,
38682,MAYER SOLAR LLC,PLANO TX 75074-3770,mayersolar.com,Mayer Solar,99,candidate_found,
36514,MEGA WATT SOLAR LLC,FRISCO TX 75035,,,,no_domain_candidate,
34081,MODERN ERA SOLAR LLC,EL PASO TX 79936,,,,no_domain_candidate,
39701,MOJO ELECTRIC & SOLAR LLC,TRENTON TX 75490,,,,no_domain_candidate,
38847,"MOMENTUM SOLAR, LLC",SOUTH PLAINFIELD NJ 7080 -1201,momentumsolarinc.com,Momentum Solar Inc.,99,candidate_found,
35568,"MONUMENT SOLAR, LLC",SAGINAW TX 76131-1033,monument-solar.com,Monument Solar,99,candidate_found,
37474,MOUNTAINSTAR SOLAR LLC,EL PASO TX 79835,mountainstarsolar.com,MountainStar Solar,99,candidate_found,
40688,NATIONAL SOLAR INSTALLATIONS OF TX LLC,ROCKLEDGE FL 32955-5802,,,,no_domain_candidate,
26718,NATIVE SOLAR LLC,DRIPPING SPRINGS TX 78620,nativesolar.com,NATiVE Solar,99,candidate_found,
31140,NORTH TEXAS SOLAR LLC,FORT WORTH TX 76137,daybreaksolarpower.com,North Texas Solar,94,candidate_found,
30002,OLYMPUS ELECTRIC & SOLAR LLC,SAN ANTONIO TX 78235-2628,,,,no_domain_candidate,
40061,"ON Q SOLAR SERVICES, LLC",SANTA CLARITA CA 91350-8562,,,,no_domain_candidate,
41422,ORO ENERGY & SOLAR LLC,SAN ANTONIO TX 78253-7427,,,,no_domain_candidate,
34752,"PALMETTO SOLAR, LLC",CHARLOTTE NC 28203-4378,,Palmetto Roofing and Solar,99,ambiguous_match,
38936,PATRIOT POWER SOLAR AND ELECTRICAL,BUDA TX 78610-3212,,,,no_domain_candidate,
39709,PATS ELECTRIC AND SOLAR LLC,QUINLAN TX 75474-4229,,,,no_domain_candidate,
41489,PCL SOLAR CONSTRUCTORS USA INC,KATY TX 77449-2175,,,,no_domain_candidate,
38246,"PEOPLE'S CHOICE SOLAR, LLC",MCALLEN TX 78501-4902,peopleschoicesolar.com,People's Choice Solar,99,candidate_found,
33440,PLUG ELECTRIC & SOLAR LLC,ODESSA TX 79763-2804,,,,no_domain_candidate,
41752,POSITIVE ENERGY SOLAR INC,SANTA FE NM 87507-4101,positiveenergysolar.com,Positive Energy Solar,99,candidate_found,
32680,"POWERFIN TEXAS SOLAR PROJECTS, LLC",AUSTIN TX 78731,,,,no_domain_candidate,
35440,PRIME SOLAR INC,RICHARDSON TX 75080-1946,,Prime Solar Power,81,ambiguous_match,
35719,PROCLAIM SOLAR LLC,PLANO TX 75074,proclaimsolar.com,Proclaim Solar,99,candidate_found,
33458,PUNCH SOLAR & ELECTRICAL SERVICES LLC,AUSTIN TX 78753-2734,,,,no_domain_candidate,
39006,"PV NATIONAL, LLC",RICHARDSON TX 75081,,,,no_domain_candidate,
36729,QUICKEN SOLAR LLC,FRISCO TX 75035,quickensolar.com,Quicken Solar,99,candidate_found,
38800,RADIANCE SOLAR LLC,MARIETTA GA 30068,radiancesolar.com,Radiance Solar,99,candidate_found,
39967,RAYMUNDOS ELECTRICAL N SOLAR LLC,KATY TX 77449-1787,,,,no_domain_candidate,
38109,"READY EVERY SECOND SOLAR, INC.",HOUSTON TX 77092-7218,,,,no_domain_candidate,
40730,REMOVE SOLAR RESET LLC,PLANO TX 75075,,,,no_domain_candidate,
32996,RENERGY SOLAR LLC,BOERNE TX 78006,,,,no_domain_candidate,
37418,RGV SOLAR ELECTRIC LLC,MISSION TX 78572-3576,,,,no_domain_candidate,
38167,RKS ELECTRIC AND SOLAR L.L.C.,HUTTO TX 78634-5243,,,,no_domain_candidate,
36806,RURAL SOLAR RESTORATION LLC,DENVER CO 80211,ruralsolarrestoration.com,Rural Solar Restoration,99,candidate_found,
33112,S & H SOLAR & ELECTRIC LLC,IOWA PARK TX 76367-1612,shsolarelectric.com,S&H Solar & Electric,99,candidate_found,
39625,S&R SOLAR SOLUTIONS LLC,LAREDO TX 78041-6211,,,,no_domain_candidate,
38829,SHNEYDER SOLAR INC,FORNEY TX 75126,,,,no_domain_candidate,
36340,SIGNA TECH SOLAR DBA,SULPHUR SPRINGS TX 75482-6601,,,,no_domain_candidate,
33035,"SILVER ELECTRIC AND SOLAR, LLC",LEANDER TX 78641-6226,,,,no_domain_candidate,
37273,SIRIO SOLAR ENERGY SOLUTIONS LLC,PANTEGO TX 76013,,,,no_domain_candidate,
40845,SKYGRID SOLAR SOLUTIONS LLC,MINEOLA TX 75773,,,,no_domain_candidate,
35746,SMA SOLAR TECHNOLOGY AMERICA LLC,ROCKLIN CA 95765-3720,,,,no_domain_candidate,
35047,SMART ENERGY SOLAR LLC,EL PASO TX 79907-3208,,Smart Solar Energy,99,ambiguous_match,
37419,SOLAR 365 LLC DBA GOOD NEIGHBOR ENERGY,SAN ANTONIO TX 78229,,,,no_domain_candidate,
35483,SOLAR 820 LLC,HOUSTON TX 77469,,,,no_domain_candidate,
37677,"SOLAR BROS ELECTRIC, LLC",FORT WORTH TX 76112,,,,no_domain_candidate,
29755,SOLAR CENTEX LLC,HARKER HEIGHTS TX 76548-8680,solarcentex.com,Solar CenTex,99,candidate_found,
30862,SOLAR ELECTRICAL/RETROFIT SOLUTIONS INC,ALVARADO TX 76009-5202,,,,no_domain_candidate,
41158,SOLAR EXPERT AND ROOFS,EDINBURG TX 78542-0463,,,,no_domain_candidate,
41297,SOLAR INNOVATIVE SOLUTIONS CORP,LEHIGH ACRES FL 33976-4528,,,,no_domain_candidate,
40126,SOLAR ONE CONSTRUCTION,SHERMAN TX 75090,,,,no_domain_candidate,
39062,SOLAR OPTIMAL SERVICES LLC,DALLAS TX 75253-3720,,,,no_domain_candidate,
34411,SOLAR POWER INTEGRATOR LLC,CORPUS CHRISTI TX 78418-5312,solarpowerintegrator.com,Solar Power Integrator,99,candidate_found,
34727,SOLAR PVS LLC,HOUSTON TX 77044-4991,,,,no_domain_candidate,
37604,SOLAR SALES OF NORTH AMERICA INC,FRISCO TX 75035-6762,,,,no_domain_candidate,
41216,SOLAR SANDHU INC,HOUSTON TX 77002-8256,,,,no_domain_candidate,
38399,SOLAR SCOUTS OPERATIONS LLC,FREDERICKSBURG TX 78624,,,,no_domain_candidate,
33444,SOLAR SERVICE AMERICA LLC,AUSTIN TX 78723,,,,no_domain_candidate,
39183,SOLAR TECH INNOVATIONS LLC,BENBROOK TX 76126-3724,,,,no_domain_candidate,
28922,SOLAR TEK ENERGY,KYLE TX 78640-5333,,,,no_domain_candidate,
35546,SOLSTICE SOLAR LLC,HOUSTON TX 77040,solstice-solar.com,Solstice Solar,99,candidate_found,
29074,SOUTH COAST SOLAR LLC,METAIRIE LA 70002-6036,southcoastsolar.com,South Coast Solar,99,candidate_found,
34875,"SPACE CITY SOLAR, LLC.",HOUSTON TX 77066-1007,,,,no_domain_candidate,
39434,SPARTAN SOLAR & ELECTRIC LLC,WEATHERFORD TX 76087-7308,,,,no_domain_candidate,
41062,SPECTRUM SOLAR POWER LLC,WINTER PARK FL 32792-2541,spectrumsolarpower.com,Spectrum Solar Power,99,candidate_found,
38123,SPEKTRA LLC DBA SOLAR E TRIBE,PLANO TX 75024-3479,,,,no_domain_candidate,
37176,STATIC SOLAR LLC,RICHARDSON TX 75081,,,,no_domain_candidate,
38058,STEPHENS SOLAR SOLUTIONS,SAN ANTONIO TX 78216-3214,,,,no_domain_candidate,
39529,STRONG TOWER SOLAR ELC SRVS & GENERATORS,HUTTO TX 78634-5356,,,,no_domain_candidate,
40848,SUN CITY SOLAR SOLUTIONS,EL PASO TX 79938,,,,no_domain_candidate,
39213,SUNAURA SOLAR LLC,ADDISON TX 75001,gosunaura.com,Sunaura Solar,99,candidate_found,
34916,SUNCHARGE SOLAR LLC,AUSTIN TX 78747-3928,,,,no_domain_candidate,
38691,SUNCOR SOLAR & HOME IMPROVEMENT LLC,PENSACOLA FL 32534-1297,,,,no_domain_candidate,
39841,SUNCORE SOLAR L.L.C.,FOUNTAIN VALLEY CA 92708-5510,,,,no_domain_candidate,
38605,SUNDOWN SOLAR LLC,SAN ANTONIO TX 78250-2814,,,,no_domain_candidate,
34867,SUNERGY SOLAR LLC,NEW PORT RICHEY FL 34654,,Sunergy Solar Experts,88,ambiguous_match,
37131,SUNFIRE SOLAR SYSTEMS LLC,EL PASO TX 79912-4516,,,,no_domain_candidate,
39834,SUNFORCE SOLAR LLC,LAS CRUCES NM 88007,sunforce.solar,Sunforce Solar,99,candidate_found,
39627,SUNHUT SOLAR LLC,EL PASO TX 79912-4357,,,,no_domain_candidate,
35754,SUNUP SOLAR II LLC,SAN ANTONIO TX 78205,,,,no_domain_candidate,
32406,SYNAPTIC SOLAR LLC,RICHARDSON TX 75081-2334,synapticsolar.com,Synaptic Solar,99,candidate_found,
37118,TEX-SUN SOLAR SOLUTIONS LLC,JUSTIN TX 76247,,,,no_domain_candidate,
38897,TEXAN ELECTRIC & SOLAR SERVICES LLC,MANSFIELD TX 76063-3075,,,,no_domain_candidate,
34757,TEXAS DIRECT SOLAR LLC,HOUSTON TX 77023,texasdirectsolar.com,Texas Direct Solar,99,candidate_found,
34731,TEXAS ENGINEERED SOLAR LLC,SAN ANTONIO TX 78219,txensolar.com,Texas Engineered Solar,99,candidate_found,
39837,TEXAS SOLAR CONSULTANTS,PRINCETON TX 75407,,,,no_domain_candidate,
33580,TEXAS SOLAR GUYS LLC,BUDA TX 78610,texassolarguys.com,Texas Solar Guys,99,candidate_found,
37537,"TEXAS SOLAR PANIMALS, LLC.",FORNEY TX 75126-5124,,,,no_domain_candidate,
35727,TEXAS SOLAR PROFESSIONAL LLC,CEDAR HILL TX 75104-2656,texassolar.pro,Texas Solar Professional,99,candidate_found,
38164,TEXAS SOLAR SOLUTIONS LLC,FORT WORTH TX 76102-3524,,,,no_domain_candidate,
40042,"THE SOLAR MAINTENANCE GUYS, LLC",BEDFORD TX 76022,,,,no_domain_candidate,
38160,THS HOME SOLAR LLC,LEWISVILLE TX 75067-4183,,,,no_domain_candidate,
40091,TIER 1 SOLAR LLC,CORPUS CHRISTI TX 78401-1934,tier1.solar,Tier 1 Solar,99,candidate_found,
38437,"TOP TIER SOLAR SOLUTIONS, LLC",CHARLOTTE NC 28217-2911,toptiersolarsolutions.com,Top Tier Solar Solutions,99,candidate_found,
32259,TRISMART SOLAR LLC,HOUSTON TX 77073-6445,trismartsolar.com,TriSMART Solar,99,candidate_found,
37089,TRUE TEXAS SOLAR LLC,WILLIS TX 77318,truetexassolar.com,True Texas Solar,99,candidate_found,
39808,TRUHORIZON SOLAR INC.,WEATHERFORD TX 76085-3975,,,,no_domain_candidate,
39282,UNITED SOLAR & ROOFING,ROUND ROCK TX 78665-1591,,,,no_domain_candidate,
40788,USA SOLAR AND BATTERY,NORTH RICHLAND HILLS TX 76180,,,,no_domain_candidate,
38340,VANTAGE POINT SOLAR LLC,IRVING TX 75039,vantagepointsolar.com,Vantage Point Solar,99,candidate_found,
35152,"WEST TEXAS SOLAR, LLC",ABILENE TX 79601-6400,west-texas-solar.com,West Texas Solar,99,candidate_found,
36395,WHITE LABEL SOLAR SOLUTIONS,NEW BRAUNFELS TX 78130,,,,no_domain_candidate,
32917,WILL POWER SOLAR LLC,SAN ANTONIO TX 78251,,,,no_domain_candidate,
31269,WRIGHT SOLAR ENERGY L.L.C.,SAN ANTONIO TX 78257,wrightsolarenergy.com,WRIGHT SOLAR ENERGY LLC,99,candidate_found,
35983,WVW INVESTMENTS LLC DBA STARLIGHT SOLAR,HOUSTON TX 77045,,,,no_domain_candidate,
38384,YOGI SOLAR LLC,KATY TX 77494-5486,,,,no_domain_candidate,
38305,YOUR SOLAR LIAISON LLC,EDINBURG TX 78539-8018,,,,no_domain_candidate,
39689,ZEUS ELECTRIC AND SOLAR,SAN ANTONIO TX 78218-2504,,,,no_domain_candidate,
30564,A RENEWABLE ELECTRIC LLC,HOUSTON TX 77072-4203,,,,no_domain_candidate,
30973,"BIG DOG RENEWABLE ENERGY, LLC",CHUBBUCK ID 83202-4908,bigdogenergy.com,Big Dog Renewable Energy,99,candidate_found,
35493,CMS RENEWABLE LLC,GRAND PRAIRIE TX 75050,,,,no_domain_candidate,
29616,"ENPHASE ENERGY, INC.",FREMONT CA 94538-6517,enphase.com,Enphase Energy,99,candidate_found,
39097,HQCA CLEAN ENERGY SERVICES LLC,IRVINE CA 92618-5021,,,,no_domain_candidate,
32980,PRIMORIS RENEWABLE ENERGY INC,AURORA CO 80011-1551,,,,no_domain_candidate,
41097,RENEWABLE ENERGY BROKERS,BOWIE TX 76230,,,,no_domain_candidate,
35494,RENEWABLE ENERGY OF TEXAS LLC,SAN ANTONIO TX 78251,,,,no_domain_candidate,
33531,SUNSHINE RENEWABLE SOLUTIONS LLC,HOUSTON TX 77033,sunshinerenewable.com,Sunshine Renewable Solutions,99,candidate_found,
39795,SUNUS PRO - CLEAN ENERGY LLC,FORT WORTH TX 76109-4213,,,,no_domain_candidate,
