licenseNumber,licenseExpirationDate,businessName,contactName,cityStateZip,county,zip,phone,businessAddress,solarSignal,targetScore,nextStep
37740,2027-02-16,1 SOLAR SOLUTION LLC,1 SOLAR SOLUTION LLC,FRISCO TX 75033-8695,DENTON,75033,9725717616,5000 ELDORADO PKWY ST  150 274,explicit_solar_or_pv,100,"Find official domain, then audit careers pages for detailed solar jobs."
34554,2027-06-11,180 SOLAR & ELECTRIC LTD,180 SOLAR & ELECTRIC LTD,AUSTIN TX 78749-1152,TRAVIS,78749,5125766068,4921 NORMAN TRL,explicit_solar_or_pv,100,"Find official domain, then audit careers pages for detailed solar jobs."
30667,2027-01-07,512 SOLAR LLC,512 SOLAR LLC,AUSTIN TX 78746-6446,TRAVIS,78746,5123292117,"BLDG 3 STE 400, 1250 S CAPITAL OF TEXAS HWY",explicit_solar_or_pv,100,"Find official domain, then audit careers pages for detailed solar jobs."
37408,2026-09-02,A.V.I. LLC DBA SOLAR SUNNY SIDE UP,A.V.I. LLC DBA SOLAR SUNNY SIDE UP,SAN ANTONIO TX 78217,BEXAR,78217,2103676584,2544 BOARDWALK ST,explicit_solar_or_pv,100,"Find official domain, then audit careers pages for detailed solar jobs."
39240,2027-06-22,ABEL SOLAR,ABEL SOLAR,KATY TX 77494-6723,FORT BEND,77494,2812167724,25939 RAVENSIDE DR,explicit_solar_or_pv,100,"Find official domain, then audit careers pages for detailed solar jobs."
41796,2027-08-13,AC SOLAR & ELECTRIC LLC,AC SOLAR & ELECTRIC LLC,LAS CRUCES NM 88001-1563,OUT OF STATE,88001,5752946047,2285 BOXSTER WAY,explicit_solar_or_pv,100,"Find official domain, then audit careers pages for detailed solar jobs."
31823,2027-06-03,ACCURATE ELECTRIC AND SOLAR LLC,ACCURATE ELECTRIC AND SOLAR LLC,EL PASO TX 79938-5346,EL PASO,79938,9152461194,14140 TIERRA VENADO DR,explicit_solar_or_pv,100,"Find official domain, then audit careers pages for detailed solar jobs."
35072,2027-02-25,ADAMES ELECTRIC & SOLAR LLC,ADAMES ELECTRIC & SOLAR LLC,BALCH SPRINGS TX 75180-2479,DALLAS,75180,2146363832,15000 TIMOTHY LN,explicit_solar_or_pv,100,"Find official domain, then audit careers pages for detailed solar jobs."
27328,2027-07-18,ADVANCED SOLAR AND ELECTRIC LLC,ADVANCED SOLAR AND ELECTRIC LLC,CIBOLO TX 78108-3506,GUADALUPE,78108,2105561399,105 LOOP 539 W,explicit_solar_or_pv,100,"Find official domain, then audit careers pages for detailed solar jobs."
37216,2027-06-15,AFFORDABLE SOLAR ROOF & AIR LLC,AFFORDABLE SOLAR ROOF & AIR LLC,TOMBALL TX 77375-8293,HARRIS,77375,2815935784,22955 TOMBALL PKWY STE 11,explicit_solar_or_pv,100,"Find official domain, then audit careers pages for detailed solar jobs."
36596,2026-11-09,ALPHA SOLAR SOLUTIONS LLC,ALPHA SOLAR SOLUTIONS LLC,SAN ANTONIO TX 78228-1417,BEXAR,78228,2107830507,4243 E PIEDRAS DR STE 250,explicit_solar_or_pv,100,"Find official domain, then audit careers pages for detailed solar jobs."
36998,2027-04-14,AMERICAN DREAM SOLAR LLC,AMERICAN DREAM SOLAR LLC,CROWLEY TX 76036-4142,TARRANT,76036,4695143115,12324 TREELINE DR,explicit_solar_or_pv,100,"Find official domain, then audit careers pages for detailed solar jobs."
40308,2027-05-23,ARC SOLAR & EV SOLUTIONS,ARC SOLAR & EV SOLUTIONS,LYTLE TX 78052-3560,ATASCOSA,78052,8302752352,287 ALA BLANCA DR,explicit_solar_or_pv,100,"Find official domain, then audit careers pages for detailed solar jobs."
26176,2027-02-22,ARIZONA SOLAR SOLUTIONS INC,ARIZONA SOLAR SOLUTIONS INC,FORT WORTH TX 76137-6933,TARRANT,76137,6824043484,"3201 NE LOOP 820, #260",explicit_solar_or_pv,100,"Find official domain, then audit careers pages for detailed solar jobs."
36379,2026-09-02,ASAP SOLAR LLC,ASAP SOLAR LLC,TYLER TX 75703-6537,SMITH,75703,9037477727,13026 KALLAN AVE,explicit_solar_or_pv,100,"Find official domain, then audit careers pages for detailed solar jobs."
35675,2027-01-23,"ASTRAWATT SOLAR, LLC","ASTRAWATT SOLAR, LLC",WEBSTER TX 77598-2336,HARRIS,77598,4052499099,319 IBIS ST STE A,explicit_solar_or_pv,100,"Find official domain, then audit careers pages for detailed solar jobs."
40305,2027-06-08,ATOM ELECTRIC AND SOLAR,ATOM ELECTRIC AND SOLAR,FORT WORTH TX 76111-1805,TARRANT,76111,4699964181,2523 BRUCE ST,explicit_solar_or_pv,100,"Find official domain, then audit careers pages for detailed solar jobs."
37831,2027-02-23,ATX SOLAR LLC,ATX SOLAR LLC,HUTTO TX 78634-2513,WILLIAMSON,78634,5128039652,3333 COUNTY ROAD 119 STE 111,explicit_solar_or_pv,100,"Find official domain, then audit careers pages for detailed solar jobs."
35834,2027-03-16,AWAKE SOLAR LLC,AWAKE SOLAR LLC,HOUSTON TX 77085,HARRIS,77085,7139040191,6911 BRASADA DR,explicit_solar_or_pv,100,"Find official domain, then audit careers pages for detailed solar jobs."
37167,2027-06-03,AXIA SOLAR CORP,AXIA SOLAR CORP,IRVINE CA 92618-5021,OUT OF STATE,92618,8312966626,300 SPECTRUM CENTER DR NO 500,explicit_solar_or_pv,100,"Find official domain, then audit careers pages for detailed solar jobs."
33639,2027-05-23,AXIS SOLAR LLC,AXIS SOLAR LLC,AUSTIN TX 78704,TRAVIS,78704,5125014084,"3601 S CONGRESS AVE, G300",explicit_solar_or_pv,100,"Find official domain, then audit careers pages for detailed solar jobs."
25739,2027-10-03,AXIUM SOLAR INC,AXIUM SOLAR INC,MCKINNEY TX 75071,COLLIN,75071,9726338680,3499 FM 1461,explicit_solar_or_pv,100,"Find official domain, then audit careers pages for detailed solar jobs."
41667,2027-07-16,BLACK WOLF SOLAR LLC,BLACK WOLF SOLAR LLC,DALLAS TX 75254,DALLAS,75254,8132457071,5769 BELT LINE RD APT 908,explicit_solar_or_pv,100,"Find official domain, then audit careers pages for detailed solar jobs."
41450,2027-05-12,BRAVO ZULU SOLAR LLC,BRAVO ZULU SOLAR LLC,SPRINGTOWN TX 76082-5478,PARKER,76082,9515056324,805 FEATHER EDGE DR,explicit_solar_or_pv,100,"Find official domain, then audit careers pages for detailed solar jobs."
35724,2027-03-24,BUMBLEBEE SOLAR LLC,BUMBLEBEE SOLAR LLC,HUMBLE TX 77396-2712,HARRIS,77396,5129861089,13839 COLD SPRING ST,explicit_solar_or_pv,100,"Find official domain, then audit careers pages for detailed solar jobs."
38748,2027-03-25,CC SOLAR,CC SOLAR,CORPUS CHRISTI TX 78401-3255,NUECES,78401,3614618362,1212 MARY ST,explicit_solar_or_pv,100,"Find official domain, then audit careers pages for detailed solar jobs."
34933,2027-01-05,CENTRAL TEXAS SOLAR LLC,CENTRAL TEXAS SOLAR LLC,SAN ANTONIO TX 78213,BEXAR,78213,2106350007,"1844 LOCKHILL SELMA, SUITE 102A",explicit_solar_or_pv,100,"Find official domain, then audit careers pages for detailed solar jobs."
33086,2026-11-15,CEP ELECTRIC & SOLAR LLC,CEP ELECTRIC & SOLAR LLC,MCALLEN TX 78501-5977,HIDALGO,78501,9564574510,100 E NOLANA STE 3,explicit_solar_or_pv,100,"Find official domain, then audit careers pages for detailed solar jobs."
38249,2027-06-22,"CILCIA, LLC VALOR SOLAR","CILCIA, LLC VALOR SOLAR",DAMON TX 77430-8673,BRAZORIA,77430,9799461508,250 COUNTY ROAD 18,explicit_solar_or_pv,100,"Find official domain, then audit careers pages for detailed solar jobs."
32697,2027-06-01,CIRCLE L SOLAR INC,CIRCLE L SOLAR INC,FORT WORTH TX 76117,TARRANT,76117,8179452011,5620 MIDWAY RD,explicit_solar_or_pv,100,"Find official domain, then audit careers pages for detailed solar jobs."
38106,2027-05-24,CMB SOLAR SOLUTIONS LLC,CMB SOLAR SOLUTIONS LLC,EL PASO TX 79912-4655,EL PASO,79912,9158439800,6006 N MESA ST STE 308,explicit_solar_or_pv,100,"Find official domain, then audit careers pages for detailed solar jobs."
35647,2026-12-30,COMPLETE SOLAR INC,COMPLETE SOLAR INC,OREM UT 84097,OUT OF STATE,84097,3852731825,1403 N RESEARCH WAY,explicit_solar_or_pv,100,"Find official domain, then audit careers pages for detailed solar jobs."
36372,2027-09-07,CORENERG LLC DBA CORE SOLAR,CORENERG LLC DBA CORE SOLAR,DALLAS TX 75238,DALLAS,75238,8178216504,10840 SANDEN DR STE A,explicit_solar_or_pv,100,"Find official domain, then audit careers pages for detailed solar jobs."
41598,2027-06-29,CR SOLAR LLC,CR SOLAR LLC,CHICAGO IL 60612-1577,OUT OF STATE,60612,8883378257,2045 W GRAND AVE STE B,explicit_solar_or_pv,100,"Find official domain, then audit careers pages for detailed solar jobs."
39972,2027-02-18,CREATUM SOLAR LLC,CREATUM SOLAR LLC,HOUSTON TX 77066-1003,HARRIS,77066,7138268593,7109 BELGOLD ST STE A,explicit_solar_or_pv,100,"Find official domain, then audit careers pages for detailed solar jobs."
41428,2027-05-05,CREDIBLE SOLAR AND ROOFING LLC,CREDIBLE SOLAR AND ROOFING LLC,LITTLE ELM TX 75068-7828,DENTON,75068,9725135293,2915 MORNING STAR DR,explicit_solar_or_pv,100,"Find official domain, then audit careers pages for detailed solar jobs."
37519,2026-09-22,CUSTOM PRO ROOFING & SOLAR,CUSTOM PRO ROOFING & SOLAR,DALLAS TX 75229,DALLAS,75229,4053394566,11056 SHADY TRAIL,explicit_solar_or_pv,100,"Find official domain, then audit careers pages for detailed solar jobs."
22994,2027-08-04,CUSTOM SOLAR ELECTRIC,CUSTOM SOLAR ELECTRIC,AUSTIN TX 78748,TRAVIS,78748,5123760807,10607 ETTA LANE,explicit_solar_or_pv,100,"Find official domain, then audit careers pages for detailed solar jobs."
41187,2027-03-04,DANTE SOLAR REPAIR LLC,DANTE SOLAR REPAIR LLC,AUSTIN TX 78731,TRAVIS,78731,8082891774,"5900 BALCONES DR, STE 100",explicit_solar_or_pv,100,"Find official domain, then audit careers pages for detailed solar jobs."
37071,2027-05-09,"DAWN TO DUSK SOLAR TEXAS, LLC","DAWN TO DUSK SOLAR TEXAS, LLC",FARMERS BRANCH TX 75234,DALLAS,75234,3233251271,"12901 NICHOLSON ROAD, SUITE 170",explicit_solar_or_pv,100,"Find official domain, then audit careers pages for detailed solar jobs."
40536,2027-07-29,DETACH RESET SOLAR LLC,DETACH RESET SOLAR LLC,AUSTIN TX 78731-4298,TRAVIS,78731,8008337040,5900 BALCONES DR STE 100,explicit_solar_or_pv,100,"Find official domain, then audit careers pages for detailed solar jobs."
29469,2027-03-19,DFW SOLAR ELECTRIC LLC,DFW SOLAR ELECTRIC LLC,FLOWER MOUND TX 75022,DENTON,75022,9728277651,"PMB 192, 2450 LAKESIDE PKWY STE 150",explicit_solar_or_pv,100,"Find official domain, then audit careers pages for detailed solar jobs."
41673,2027-07-17,DIECO ENERGY SOLAR AND ELECTRICAL,DIECO ENERGY SOLAR AND ELECTRICAL,SAN ANTONIO TX 78209-3232,BEXAR,78209,2109859522,7700 BROADWAY STE 104-1020,explicit_solar_or_pv,100,"Find official domain, then audit careers pages for detailed solar jobs."
37397,2027-08-19,"DIVIDED SKY ROOFING & SOLAR, LLC","DIVIDED SKY ROOFING & SOLAR, LLC",SAN MARCOS TX 78666-5549,HAYS,78666,5129957663,323 MARIPOSA ST,explicit_solar_or_pv,100,"Find official domain, then audit careers pages for detailed solar jobs."
40173,2027-04-14,DT SOLAR LLC,DT SOLAR LLC,BROWNSVILLE TX 78520-9647,CAMERON,78520,9564551866,2422 EL PORTAL ST,explicit_solar_or_pv,100,"Find official domain, then audit careers pages for detailed solar jobs."
38061,2027-05-05,E.A. SOLAR & HOME SERVICES LLC,E.A. SOLAR & HOME SERVICES LLC,CONROE TX 77303-3250,MONTGOMERY,77303,7138286534,11462 NEWTON CIR,explicit_solar_or_pv,100,"Find official domain, then audit careers pages for detailed solar jobs."
38038,2027-04-27,EAGLE SOLAR POWER LLC,EAGLE SOLAR POWER LLC,MANSFIELD TX 76063,TARRANT,76063,8179179965,"5740 NEWT PATTERSON ROAD, SUITE B",explicit_solar_or_pv,100,"Find official domain, then audit careers pages for detailed solar jobs."
40318,2027-05-28,"EARTH SMART SOLAR, LLC","EARTH SMART SOLAR, LLC",SAN ANTONIO TX 78258,BEXAR,78258,2103938233,"SUITE 375, 401 E SONTERRA BLVD",explicit_solar_or_pv,100,"Find official domain, then audit careers pages for detailed solar jobs."
33539,2027-04-17,EASTEX SOLAR,EASTEX SOLAR,PALESTINE TX 75803-0625,ANDERSON,75803,9038051849,819 AN COUNTRY ROAD 446,explicit_solar_or_pv,100,"Find official domain, then audit careers pages for detailed solar jobs."
37330,2026-08-28,ECLIPSE SOLAR & HOME SOLUTIONS INC.,ECLIPSE SOLAR & HOME SOLUTIONS INC.,AUSTIN TX 78731-4298,TRAVIS,78731,9178428112,5900 BALCONES DR STE 100,explicit_solar_or_pv,100,"Find official domain, then audit careers pages for detailed solar jobs."
37060,2027-05-14,EDISON SOLAR LLC,EDISON SOLAR LLC,PLANO TX 75075-4200,COLLIN,75075,2144718467,535 TALBERT DR,explicit_solar_or_pv,100,"Find official domain, then audit careers pages for detailed solar jobs."
38497,2026-09-20,ELDRIGE ROOFING & SOLAR,ELDRIGE ROOFING & SOLAR,SPRING TX 77379-3424,HARRIS,77379,2819994663,5907 SPRING CYPRESS RD,explicit_solar_or_pv,100,"Find official domain, then audit careers pages for detailed solar jobs."
31577,2027-02-25,ELEVATION SOLAR LLC,ELEVATION SOLAR LLC,CHANDLER AZ 85286,OUT OF STATE,85286,4804924232,"STE 220, 2425 S STEARMAN DR",explicit_solar_or_pv,100,"Find official domain, then audit careers pages for detailed solar jobs."
36539,2026-10-21,"ELIAS SOLAR, INC.","ELIAS SOLAR, INC.",HOUSTON TX 77018-5044,HARRIS,77018,7132399133,3403 WTC JESTER BLVD #1119,explicit_solar_or_pv,100,"Find official domain, then audit careers pages for detailed solar jobs."
35557,2026-11-04,"ELITE SOLAR ARP SOLUTIONS, LLC","ELITE SOLAR ARP SOLUTIONS, LLC",EL PASO TX 79935-5304,EL PASO,79935,9152626507,11199 PELLICANO DR STE C,explicit_solar_or_pv,100,"Find official domain, then audit careers pages for detailed solar jobs."
38765,2026-12-28,EMPOWER SOLAR INC,EMPOWER SOLAR INC,HOUSTON TX 77066-1216,HARRIS,77066,8003066953,6740 THEALL RD,explicit_solar_or_pv,100,"Find official domain, then audit careers pages for detailed solar jobs."
39263,2027-06-18,EMPWR SOLAR LLC,EMPWR SOLAR LLC,MOUNT PLEASANT SC 29464,OUT OF STATE,29464,8549994837,"349 WEST COLEMAN BLVD, SUITE 202",explicit_solar_or_pv,100,"Find official domain, then audit careers pages for detailed solar jobs."
25720,2026-11-24,ENGEL SOLAR-ELECTRIC,ENGEL SOLAR-ELECTRIC,CONVERSE TX 78109,BEXAR,78109,2108579688,2727 BRIGHTON PARK,explicit_solar_or_pv,100,"Find official domain, then audit careers pages for detailed solar jobs."
39448,2026-09-10,ENLIGHT SOLAR SOLUTIONS LLC,ENLIGHT SOLAR SOLUTIONS LLC,SULPHUR SPRINGS TX 75482-3529,HOPKINS,75482,9033483127,107 LOU ST,explicit_solar_or_pv,100,"Find official domain, then audit careers pages for detailed solar jobs."
37441,2026-11-11,ENTO PRODUCTIONS INC DBA BRIGHT SOLAR,ENTO PRODUCTIONS INC DBA BRIGHT SOLAR,HOUSTON TX 77066-1024,HARRIS,77066,8179528566,7014 BELGOLD ST STE F,explicit_solar_or_pv,100,"Find official domain, then audit careers pages for detailed solar jobs."
40035,2027-03-04,EPC SOLAR LLC,EPC SOLAR LLC,ALEDO TX 76008-1844,PARKER,76008,7272674033,675 POINT VISTA DR,explicit_solar_or_pv,100,"Find official domain, then audit careers pages for detailed solar jobs."
38512,2026-09-26,EVOLUTION SOLAR SOLUTIONS LLC,EVOLUTION SOLAR SOLUTIONS LLC,MURPHY TX 75094-3728,COLLIN,75094,4697665354,629 ASHLEY PL,explicit_solar_or_pv,100,"Find official domain, then audit careers pages for detailed solar jobs."
35996,2026-11-12,FAMILY SOLAR COMPANY,FAMILY SOLAR COMPANY,FRISCO TX 75034,COLLIN,75034,2147087756,"5300 TOWN AND COUNTRY BLVD, STE 155",explicit_solar_or_pv,100,"Find official domain, then audit careers pages for detailed solar jobs."
38998,2027-04-25,FRANS SOLAR ELECTRIC,FRANS SOLAR ELECTRIC,UNIVERSAL CITY TX 78148-8154,BEXAR,78148,2109831538,222 EAST WRIGHT BLVD,explicit_solar_or_pv,100,"Find official domain, then audit careers pages for detailed solar jobs."
37970,2027-04-19,GLOBAL SOLAR GROUP,GLOBAL SOLAR GROUP,EL PASO TX 79936,EL PASO,79936,9158206131,11500 PELLICANO DR SUITE A7,explicit_solar_or_pv,100,"Find official domain, then audit careers pages for detailed solar jobs."
36814,2027-02-09,GLYDE SOLAR LLC,GLYDE SOLAR LLC,PLEASANT GROVE UT 84062,OUT OF STATE,84062,8884445936,"1064 S NORTH COUNTY BLVD, SUITE 260",explicit_solar_or_pv,100,"Find official domain, then audit careers pages for detailed solar jobs."
41633,2027-07-07,GO SOLAR AND ROOFING LLC,GO SOLAR AND ROOFING LLC,LUBBOCK TX 79404-6174,LUBBOCK,79404,8067861038,7516 INTERSTATE 27 # 26,explicit_solar_or_pv,100,"Find official domain, then audit careers pages for detailed solar jobs."
35375,2026-11-20,GO SOLAR POWER LLC,GO SOLAR POWER LLC,ADDISON TX 75001,DALLAS,75001,5615088451,15305 DALLAS PARKWAY SUITE 400,explicit_solar_or_pv,100,"Find official domain, then audit careers pages for detailed solar jobs."
38601,2027-10-10,GOODPWR SOLAR LLC,GOODPWR SOLAR LLC,ARVADA CO 80007,OUT OF STATE,80007,8004003797,16615 W 93RD PL,explicit_solar_or_pv,100,"Find official domain, then audit careers pages for detailed solar jobs."
33940,2026-10-11,GREATER TEXAS SOLAR LLC,GREATER TEXAS SOLAR LLC,MASON TX 76856,MASON,76856,8305073884,131 N LIVE OAK,explicit_solar_or_pv,100,"Find official domain, then audit careers pages for detailed solar jobs."
32051,2026-11-11,GREEN LIGHT SOLAR LLC,GREEN LIGHT SOLAR LLC,HOUSTON TX 77032-4087,HARRIS,77032,8328128818,"STE 605, 5750 NORTH SAM HOUSTON PKWY E",explicit_solar_or_pv,100,"Find official domain, then audit careers pages for detailed solar jobs."
28367,2027-08-17,GREENBELT SOLAR LLC,GREENBELT SOLAR LLC,AUSTIN TX 78745,TRAVIS,78745,5127501478,4808 BROKEN BOW PASS,explicit_solar_or_pv,100,"Find official domain, then audit careers pages for detailed solar jobs."
41448,2027-05-11,GRIDCRAFT SOLAR,GRIDCRAFT SOLAR,ROUND ROCK TX 78664-8559,WILLIAMSON,78664,5128083746,"1800 CENTRAL COMMERCE CT, STE 600",explicit_solar_or_pv,100,"Find official domain, then audit careers pages for detailed solar jobs."
32590,2027-04-28,GS SOLAR LLC DBA BIG SUN SOLAR,GS SOLAR LLC DBA BIG SUN SOLAR,SAN ANTONIO TX 78215-1269,BEXAR,78215,2109602303,200 E GRAYSON ST STE 126,explicit_solar_or_pv,100,"Find official domain, then audit careers pages for detailed solar jobs."
38037,2027-04-27,HARVEST SOLAR INC.,HARVEST SOLAR INC.,GARLAND TX 75040,DALLAS,75040,8887194787,"2050 FOREST LN, STE 370",explicit_solar_or_pv,100,"Find official domain, then audit careers pages for detailed solar jobs."
36117,2027-06-15,"HARVEST SOLAR OF TEXAS, LLC","HARVEST SOLAR OF TEXAS, LLC",HOUSTON TX 77035,HARRIS,77035,5163510030,11505 CHIMNEY ROCK ROAD,explicit_solar_or_pv,100,"Find official domain, then audit careers pages for detailed solar jobs."
39995,2027-02-21,HDEZ ELECTRIC/SOLAR LLC,HDEZ ELECTRIC/SOLAR LLC,ARLINGTON TX 76015-4326,TARRANT,76015,2145194402,700 HIGHLANDER BLVD STE 505,explicit_solar_or_pv,100,"Find official domain, then audit careers pages for detailed solar jobs."
39298,2027-07-14,HILL COUNTRY SOLAR LLC,HILL COUNTRY SOLAR LLC,FREDERICKSBURG TX 78624-4227,GILLESPIE,78624,5129245525,135 E MAIN ST STE 221,explicit_solar_or_pv,100,"Find official domain, then audit careers pages for detailed solar jobs."
40995,2027-01-02,HONEST SOLAR LLC,HONEST SOLAR LLC,AUSTIN TX 78744-3009,TRAVIS,78744,9376268872,4803 CREST OAK RD,explicit_solar_or_pv,100,"Find official domain, then audit careers pages for detailed solar jobs."
38653,2026-11-02,HUB CITY SOLAR LLC,HUB CITY SOLAR LLC,LUBBOCK TX 79423-2046,LUBBOCK,79423,8067783460,3307 82ND ST STE 41,explicit_solar_or_pv,100,"Find official domain, then audit careers pages for detailed solar jobs."
38471,2027-09-11,IMMEDIATE SOLAR LLC,IMMEDIATE SOLAR LLC,RICHARDSON TX 75081-1865,DALLAS,75081,4693231902,"STE 111, 1771 INTERNATIONAL PKWY",explicit_solar_or_pv,100,"Find official domain, then audit careers pages for detailed solar jobs."
32960,2026-09-14,INFINITY SOLAR,INFINITY SOLAR,,,0,,,explicit_solar_or_pv,100,"Find official domain, then audit careers pages for detailed solar jobs."
31105,2027-07-29,INFINITY SOLAR SOLUTIONS LLC,INFINITY SOLAR SOLUTIONS LLC,SAN ANGELO TX 76903,TOM GREEN,76903,4323524647,3122 LAKE DR,explicit_solar_or_pv,100,"Find official domain, then audit careers pages for detailed solar jobs."
36120,2027-06-10,INFINITY SOLAR USA,INFINITY SOLAR USA,FARMERS BRANCH TX 75234,DALLAS,75234,8008180598,1418 VENTURE DR,explicit_solar_or_pv,100,"Find official domain, then audit careers pages for detailed solar jobs."
38126,2027-07-18,INTEGRITY ELECTRIC & SOLAR LLC,INTEGRITY ELECTRIC & SOLAR LLC,CHANDLER TX 75758,HENDERSON,75758,9038049168,871 PECAN TREE RD,explicit_solar_or_pv,100,"Find official domain, then audit careers pages for detailed solar jobs."
37666,2027-01-27,INTEGRITY SOLAR USA LLC,INTEGRITY SOLAR USA LLC,SUNSET TX 76270-2161,MONTAGUE,76270,9408414103,196 SILVER LAKES DR,explicit_solar_or_pv,100,"Find official domain, then audit careers pages for detailed solar jobs."
33693,2027-06-04,J & D ELECTRIC & SOLAR LLC,J & D ELECTRIC & SOLAR LLC,DALLAS TX 75227,DALLAS,75227,4698657439,7027 PARKDALE DR,explicit_solar_or_pv,100,"Find official domain, then audit careers pages for detailed solar jobs."
38802,2027-01-22,JANI SOLAR LLC,JANI SOLAR LLC,RICHARDSON TX 75081,DALLAS,75081,2146805484,2177 BUCKINGHAM RD #268,explicit_solar_or_pv,100,"Find official domain, then audit careers pages for detailed solar jobs."
36453,2027-09-21,JEH SOLAR LLC,JEH SOLAR LLC,LAFAYETTE LA 70508,OUT OF STATE,70508,3272770037,105 HENDERSON RD,explicit_solar_or_pv,100,"Find official domain, then audit careers pages for detailed solar jobs."
36417,2027-09-10,JILES SOLAR POWER LLC,JILES SOLAR POWER LLC,NEW BRAUNFELS TX 78130,COMAL,78130,8304019972,1913 POST RD STE 210,explicit_solar_or_pv,100,"Find official domain, then audit careers pages for detailed solar jobs."
39880,2027-01-28,JOULE SOLAR OPERATIONS LLC,JOULE SOLAR OPERATIONS LLC,AUSTIN TX 78731-4298,TRAVIS,78731,9857689922,5900 BALCONES DR STE 100,explicit_solar_or_pv,100,"Find official domain, then audit careers pages for detailed solar jobs."
38990,2027-03-25,KINGS ELECTRIC & SOLAR LLC,KINGS ELECTRIC & SOLAR LLC,SAN ANTONIO TX 78254-5948,BEXAR,78254,2102969559,9746 MUSTANG FARM,explicit_solar_or_pv,100,"Find official domain, then audit careers pages for detailed solar jobs."
40712,2026-09-23,KSG ELECTRIC AND SOLAR SERVICES,KSG ELECTRIC AND SOLAR SERVICES,SACRAMENTO CA 95825-1474,OUT OF STATE,95825,9254210158,3400 COTTAGE WAY STE G2 # 1250,explicit_solar_or_pv,100,"Find official domain, then audit careers pages for detailed solar jobs."
40529,2027-07-28,KW SOLAR LLC,KW SOLAR LLC,KATY TX 77493-2411,HARRIS,77493,7132778085,5342 E 5TH ST #600,explicit_solar_or_pv,100,"Find official domain, then audit careers pages for detailed solar jobs."
41323,2027-04-07,LIFETIME SOLAR LLC,LIFETIME SOLAR LLC,KANSAS CITY MO 64105-2106,OUT OF STATE,64105,9135266141,1251 MAIN ST,explicit_solar_or_pv,100,"Find official domain, then audit careers pages for detailed solar jobs."
40997,2027-01-05,LOGIC SOLAR LLC,LOGIC SOLAR LLC,OVERLAND PARK KS 66210-2332,OUT OF STATE,66210,6602169664,7300 W 110TH ST,explicit_solar_or_pv,100,"Find official domain, then audit careers pages for detailed solar jobs."
35443,2026-09-15,LONE STAR SOLAR SERVICES LLC,LONE STAR SOLAR SERVICES LLC,HOUSTON TX 77086,HARRIS,77086,3468884458,3443 NORTH SAM HOUSTON PKWY W,explicit_solar_or_pv,100,"Find official domain, then audit careers pages for detailed solar jobs."
39177,2027-05-15,LPL SOLAR LLC,LPL SOLAR LLC,FORT LAUDERDALE FL 33316-4126,OUT OF STATE,33316,9548098863,"3116 S ANDREWS AVE, SUITE A",explicit_solar_or_pv,100,"Find official domain, then audit careers pages for detailed solar jobs."
37877,2027-03-27,LUXURY ENERGY SOLAR LLC,LUXURY ENERGY SOLAR LLC,HOUSTON TX 77039,HARRIS,77039,2814177593,3611 HOLLYBROOK LN,explicit_solar_or_pv,100,"Find official domain, then audit careers pages for detailed solar jobs."
38799,2027-01-18,MATHIS SOLAR LLC,MATHIS SOLAR LLC,ARLINGTON TX 76012-3201,TARRANT,76012,8172477346,1008 W CEDAR ST,explicit_solar_or_pv,100,"Find official domain, then audit careers pages for detailed solar jobs."
39603,2026-10-17,"MAXIMA SOLAR CONTRACTORS, LLC","MAXIMA SOLAR CONTRACTORS, LLC",SAN ANTONIO TX 78233-5416,BEXAR,78233,2106204267,5326 EL MEDANO ST,explicit_solar_or_pv,100,"Find official domain, then audit careers pages for detailed solar jobs."
38682,2026-11-10,MAYER SOLAR LLC,MAYER SOLAR LLC,PLANO TX 75074-3770,COLLIN,75074,4697395220,800 JUPITER RD STE 175,explicit_solar_or_pv,100,"Find official domain, then audit careers pages for detailed solar jobs."
37254,2027-07-02,MCF SOLAR LLC,MCF SOLAR LLC,LUFKIN TX 75901-5729,ANGELINA,75901,8772454447,1511 S CHESTNUT ST,explicit_solar_or_pv,100,"Find official domain, then audit careers pages for detailed solar jobs."
36514,2027-10-11,MEGA WATT SOLAR LLC,MEGA WATT SOLAR LLC,FRISCO TX 75035,COLLIN,75035,8327232423,12530 GLADEMEADOW DR,explicit_solar_or_pv,100,"Find official domain, then audit careers pages for detailed solar jobs."
34081,2027-01-08,MODERN ERA SOLAR LLC,MODERN ERA SOLAR LLC,EL PASO TX 79936,EL PASO,79936,9152278640,"1370 PULLMAN, BLDG A SUITE E",explicit_solar_or_pv,100,"Find official domain, then audit careers pages for detailed solar jobs."
39701,2026-12-29,MOJO ELECTRIC & SOLAR LLC,MOJO ELECTRIC & SOLAR LLC,TRENTON TX 75490,FANNIN,75490,9037189162,"STE 2A, 17660 S STATE HIGHWAY 121",explicit_solar_or_pv,100,"Find official domain, then audit careers pages for detailed solar jobs."
38847,2027-02-08,"MOMENTUM SOLAR, LLC","MOMENTUM SOLAR, LLC",SOUTH PLAINFIELD NJ 7080 -1201,OUT OF STATE,7080,7329026224,"3096B HAMILTON BLVD, BUILDING B",explicit_solar_or_pv,100,"Find official domain, then audit careers pages for detailed solar jobs."
35568,2026-11-07,"MONUMENT SOLAR, LLC","MONUMENT SOLAR, LLC",SAGINAW TX 76131-1033,TARRANT,76131,8176920302,"1001 KENNEDY LANE, SUITE 730",explicit_solar_or_pv,100,"Find official domain, then audit careers pages for detailed solar jobs."
37474,2027-09-09,MOUNTAINSTAR SOLAR LLC,MOUNTAINSTAR SOLAR LLC,EL PASO TX 79835,EL PASO,79835,9153332433,6731 DONIPHAN DR,explicit_solar_or_pv,100,"Find official domain, then audit careers pages for detailed solar jobs."
40688,2026-09-12,NATIONAL SOLAR INSTALLATIONS OF TX LLC,NATIONAL SOLAR INSTALLATIONS OF TX LLC,ROCKLEDGE FL 32955-5802,OUT OF STATE,32955,3216084850,255 PAINT ST,explicit_solar_or_pv,100,"Find official domain, then audit careers pages for detailed solar jobs."
26718,2026-10-24,NATIVE SOLAR LLC,NATIVE SOLAR LLC,DRIPPING SPRINGS TX 78620,HAYS,78620,5125525581,3998 E HWY 290 STE D,explicit_solar_or_pv,100,"Find official domain, then audit careers pages for detailed solar jobs."
36893,2027-03-27,NEXT GENERATION SOLAR,NEXT GENERATION SOLAR,FORT WORTH TX 76179,TARRANT,76179,8177892121,6916 INTREPID DR,explicit_solar_or_pv,100,"Find official domain, then audit careers pages for detailed solar jobs."
31140,2026-08-26,NORTH TEXAS SOLAR LLC,NORTH TEXAS SOLAR LLC,FORT WORTH TX 76137,TARRANT,76137,9403872716,6624 N RIVERSIDE,explicit_solar_or_pv,100,"Find official domain, then audit careers pages for detailed solar jobs."
30002,2027-05-15,OLYMPUS ELECTRIC & SOLAR LLC,OLYMPUS ELECTRIC & SOLAR LLC,SAN ANTONIO TX 78235-2628,BEXAR,78235,2102368314,8114 CITYBASE LANDING STE 135,explicit_solar_or_pv,100,"Find official domain, then audit careers pages for detailed solar jobs."
40061,2027-03-11,"ON Q SOLAR SERVICES, LLC","ON Q SOLAR SERVICES, LLC",SANTA CLARITA CA 91350-8562,OUT OF STATE,91350,8885523609,27310 ATTWELL LN,explicit_solar_or_pv,100,"Find official domain, then audit careers pages for detailed solar jobs."
31318,2027-01-17,ONE80 SOLAR,ONE80 SOLAR,SAN ANTONIO TX 78204-1638,BEXAR,78204,2108027428,1502 S FLORES ST,explicit_solar_or_pv,100,"Find official domain, then audit careers pages for detailed solar jobs."
41422,2027-05-05,ORO ENERGY & SOLAR LLC,ORO ENERGY & SOLAR LLC,SAN ANTONIO TX 78253-7427,BEXAR,78253,2102137220,6510 VELMA PATH,explicit_solar_or_pv,100,"Find official domain, then audit careers pages for detailed solar jobs."
34752,2027-09-16,"PALMETTO SOLAR, LLC","PALMETTO SOLAR, LLC",CHARLOTTE NC 28203-4378,OUT OF STATE,28203,8553391831,"1616 CAMDEN ROAD, SUITE 300",explicit_solar_or_pv,100,"Find official domain, then audit careers pages for detailed solar jobs."
38936,2027-03-07,PATRIOT POWER SOLAR AND ELECTRICAL,PATRIOT POWER SOLAR AND ELECTRICAL,BUDA TX 78610-3212,HAYS,78610,7605746101,342 CAROLYNS WAY,explicit_solar_or_pv,100,"Find official domain, then audit careers pages for detailed solar jobs."
39709,2026-11-21,PATS ELECTRIC AND SOLAR LLC,PATS ELECTRIC AND SOLAR LLC,QUINLAN TX 75474-4229,HUNT,75474,5594101886,6733 LITTLE CREEK DR,explicit_solar_or_pv,100,"Find official domain, then audit careers pages for detailed solar jobs."
41489,2027-05-21,PCL SOLAR CONSTRUCTORS USA INC,PCL SOLAR CONSTRUCTORS USA INC,KATY TX 77449-2175,HARRIS,77449,8326101916,2322 W GRAND PKWY N STE 200,explicit_solar_or_pv,100,"Find official domain, then audit careers pages for detailed solar jobs."
38246,2027-06-21,"PEOPLE'S CHOICE SOLAR, LLC","PEOPLE'S CHOICE SOLAR, LLC",MCALLEN TX 78501-4902,HIDALGO,78501,9566273419,2916 N TAYLOR RD,explicit_solar_or_pv,100,"Find official domain, then audit careers pages for detailed solar jobs."
33440,2027-08-21,PLUG ELECTRIC & SOLAR LLC,PLUG ELECTRIC & SOLAR LLC,ODESSA TX 79763-2804,ECTOR,79763,6827012835,801 W 19TH ST,explicit_solar_or_pv,100,"Find official domain, then audit careers pages for detailed solar jobs."
41752,2027-08-04,POSITIVE ENERGY SOLAR INC,POSITIVE ENERGY SOLAR INC,SANTA FE NM 87507-4101,OUT OF STATE,87507,5054241112,1235 SILER RD,explicit_solar_or_pv,100,"Find official domain, then audit careers pages for detailed solar jobs."
32680,2027-05-26,"POWERFIN TEXAS SOLAR PROJECTS, LLC","POWERFIN TEXAS SOLAR PROJECTS, LLC",AUSTIN TX 78731,TRAVIS,78731,5124122491,"3305 NORTHLAND DRIVE, SUITE 414",explicit_solar_or_pv,100,"Find official domain, then audit careers pages for detailed solar jobs."
35440,2026-09-26,PRIME SOLAR INC,PRIME SOLAR INC,RICHARDSON TX 75080-1946,DALLAS,75080,4699800351,"819 W ARAPAHO RD UNIT 24B, POB 226",explicit_solar_or_pv,100,"Find official domain, then audit careers pages for detailed solar jobs."
35719,2027-02-07,PROCLAIM SOLAR LLC,PROCLAIM SOLAR LLC,PLANO TX 75074,COLLIN,75074,8172097402,1865 SUMMIT AVE #607,explicit_solar_or_pv,100,"Find official domain, then audit careers pages for detailed solar jobs."
33458,2027-03-20,PUNCH SOLAR & ELECTRICAL SERVICES LLC,PUNCH SOLAR & ELECTRICAL SERVICES LLC,AUSTIN TX 78753-2734,TRAVIS,78753,5126968125,11511 POLLYANNA AVE,explicit_solar_or_pv,100,"Find official domain, then audit careers pages for detailed solar jobs."
39006,2027-04-20,"PV NATIONAL, LLC","PV NATIONAL, LLC",RICHARDSON TX 75081,DALLAS,75081,9723027509,1124 COMMERCE DRIVE,explicit_solar_or_pv,100,"Find official domain, then audit careers pages for detailed solar jobs."
36125,2027-06-11,"QUANTUM SOLAR POWER, LLC","QUANTUM SOLAR POWER, LLC",EL PASO TX 79905,EL PASO,79905,9152013875,4312 ROSA AVE,explicit_solar_or_pv,100,"Find official domain, then audit careers pages for detailed solar jobs."
36729,2027-01-15,QUICKEN SOLAR LLC,QUICKEN SOLAR LLC,FRISCO TX 75035,COLLIN,75035,4329678618,9796 LUDWICK LN,explicit_solar_or_pv,100,"Find official domain, then audit careers pages for detailed solar jobs."
38800,2027-01-19,RADIANCE SOLAR LLC,RADIANCE SOLAR LLC,MARIETTA GA 30068,OUT OF STATE,30068,8329848318,1200 JOHNSON FERRY RD,explicit_solar_or_pv,100,"Find official domain, then audit careers pages for detailed solar jobs."
39967,2027-02-14,RAYMUNDOS ELECTRICAL N SOLAR LLC,RAYMUNDOS ELECTRICAL N SOLAR LLC,KATY TX 77449-1787,HARRIS,77449,3464049129,20931 WESTFIELD GROVE PL,explicit_solar_or_pv,100,"Find official domain, then audit careers pages for detailed solar jobs."
38109,2027-05-25,"READY EVERY SECOND SOLAR, INC.","READY EVERY SECOND SOLAR, INC.",HOUSTON TX 77092-7218,HARRIS,77092,7135895299,5506 MITCHELLDALE ST,explicit_solar_or_pv,100,"Find official domain, then audit careers pages for detailed solar jobs."
40730,2027-09-29,REMOVE SOLAR RESET LLC,REMOVE SOLAR RESET LLC,PLANO TX 75075,COLLIN,75075,9723521405,1600 WEST PLANO PARKWAY STE 42,explicit_solar_or_pv,100,"Find official domain, then audit careers pages for detailed solar jobs."
32996,2027-09-29,RENERGY SOLAR LLC,RENERGY SOLAR LLC,BOERNE TX 78006,KENDALL,78006,8307558699,PO BOX 1401,explicit_solar_or_pv,100,"Find official domain, then audit careers pages for detailed solar jobs."
37418,2026-08-24,RGV SOLAR ELECTRIC LLC,RGV SOLAR ELECTRIC LLC,MISSION TX 78572-3576,HIDALGO,78572,9562257813,"2575 E GRIFFIN PKWY, SUITE 9",explicit_solar_or_pv,100,"Find official domain, then audit careers pages for detailed solar jobs."
38167,2027-06-06,RKS ELECTRIC AND SOLAR L.L.C.,RKS ELECTRIC AND SOLAR L.L.C.,HUTTO TX 78634-5243,WILLIAMSON,78634,5125164629,307 ESTATE DR,explicit_solar_or_pv,100,"Find official domain, then audit careers pages for detailed solar jobs."
36806,2027-02-07,RURAL SOLAR RESTORATION LLC,RURAL SOLAR RESTORATION LLC,DENVER CO 80211,OUT OF STATE,80211,3038486263,"2921 W 38TH AVE, PMB #455",explicit_solar_or_pv,100,"Find official domain, then audit careers pages for detailed solar jobs."
33112,2026-12-03,S & H SOLAR & ELECTRIC LLC,S & H SOLAR & ELECTRIC LLC,IOWA PARK TX 76367-1612,WICHITA,76367,6824291349,211 N WALL ST,explicit_solar_or_pv,100,"Find official domain, then audit careers pages for detailed solar jobs."
39625,2026-10-29,S&R SOLAR SOLUTIONS LLC,S&R SOLAR SOLUTIONS LLC,LAREDO TX 78041-6211,WEBB,78041,9569993147,"6999 MC PHERSON RD SUITE 109, OFFICE 3",explicit_solar_or_pv,100,"Find official domain, then audit careers pages for detailed solar jobs."
35709,2027-02-03,"SECURITY SOLAR, LLC","SECURITY SOLAR, LLC",ROUND ROCK TX 78665,WILLIAMSON,78665,3185724997,2145 SETTLERS PARK LOOP,explicit_solar_or_pv,100,"Find official domain, then audit careers pages for detailed solar jobs."
38829,2027-01-30,SHNEYDER SOLAR INC,SHNEYDER SOLAR INC,FORNEY TX 75126,KAUFMAN,75126,8187318106,9973 HIGH COUNTRY LN,explicit_solar_or_pv,100,"Find official domain, then audit careers pages for detailed solar jobs."
36340,2027-08-25,SIGNA TECH SOLAR DBA,SIGNA TECH SOLAR DBA,SULPHUR SPRINGS TX 75482-6601,HOPKINS,75482,9037078298,901 INDUSTRIAL DRIVE WEST,explicit_solar_or_pv,100,"Find official domain, then audit careers pages for detailed solar jobs."
33035,2026-10-04,"SILVER ELECTRIC AND SOLAR, LLC","SILVER ELECTRIC AND SOLAR, LLC",LEANDER TX 78641-6226,WILLIAMSON,78641,5125699264,1200 S GABRIEL DR,explicit_solar_or_pv,100,"Find official domain, then audit careers pages for detailed solar jobs."
37273,2027-07-07,SIRIO SOLAR ENERGY SOLUTIONS LLC,SIRIO SOLAR ENERGY SOLUTIONS LLC,PANTEGO TX 76013,TARRANT,76013,2144275403,2901 W PIONEER PKWY UNIT 2005,explicit_solar_or_pv,100,"Find official domain, then audit careers pages for detailed solar jobs."
40845,2026-11-05,SKYGRID SOLAR SOLUTIONS LLC,SKYGRID SOLAR SOLUTIONS LLC,MINEOLA TX 75773,WOOD,75773,9035395658,835 COUNTY ROAD 2796,explicit_solar_or_pv,100,"Find official domain, then audit careers pages for detailed solar jobs."
35746,2027-02-22,SMA SOLAR TECHNOLOGY AMERICA LLC,SMA SOLAR TECHNOLOGY AMERICA LLC,ROCKLIN CA 95765-3720,OUT OF STATE,95765,9166260820,3925 ATHERTON RD,explicit_solar_or_pv,100,"Find official domain, then audit careers pages for detailed solar jobs."
35047,2027-02-18,SMART ENERGY SOLAR LLC,SMART ENERGY SOLAR LLC,EL PASO TX 79907-3208,EL PASO,79907,9154437635,9108 CUERNAVACA DR,explicit_solar_or_pv,100,"Find official domain, then audit careers pages for detailed solar jobs."
37419,2026-09-06,SOLAR 365 LLC DBA GOOD NEIGHBOR ENERGY,SOLAR 365 LLC DBA GOOD NEIGHBOR ENERGY,SAN ANTONIO TX 78229,BEXAR,78229,2103164929,"6326 SOVEREIGN DR, SUITE 136A",explicit_solar_or_pv,100,"Find official domain, then audit careers pages for detailed solar jobs."
35483,2026-12-11,SOLAR 820 LLC,SOLAR 820 LLC,HOUSTON TX 77469,FORT BEND,77469,3468021934,10047 WEST PARK DR #16,explicit_solar_or_pv,100,"Find official domain, then audit careers pages for detailed solar jobs."
35385,2027-08-12,SOLAR ALTERNATIVES INC,SOLAR ALTERNATIVES INC,HARAHAN LA 70123-2155,OUT OF STATE,70123,5042671660,5804 RIVER OAKS RD S,explicit_solar_or_pv,100,"Find official domain, then audit careers pages for detailed solar jobs."
37677,2026-12-14,"SOLAR BROS ELECTRIC, LLC","SOLAR BROS ELECTRIC, LLC",FORT WORTH TX 76112,TARRANT,76112,9723227233,"6707 BRENTWOOD STAIR RD, SUITE 120",explicit_solar_or_pv,100,"Find official domain, then audit careers pages for detailed solar jobs."
29755,2027-08-13,SOLAR CENTEX LLC,SOLAR CENTEX LLC,HARKER HEIGHTS TX 76548-8680,BELL,76548,2543001228,1901 E FM 2410,explicit_solar_or_pv,100,"Find official domain, then audit careers pages for detailed solar jobs."
33215,2026-12-19,SOLAR EDGE PROS LLC,SOLAR EDGE PROS LLC,SAN ANTONIO TX 78216-2621,BEXAR,78216,2108984453,318 W NAKOMA ST,explicit_solar_or_pv,100,"Find official domain, then audit careers pages for detailed solar jobs."
18011,2026-12-08,SOLAR ELECTRIC TEXAS LLC,SOLAR ELECTRIC TEXAS LLC,SAN ANTONIO TX 78229,BEXAR,78229,2108850263,4831 CHEDDER,explicit_solar_or_pv,100,"Find official domain, then audit careers pages for detailed solar jobs."
30862,2027-04-04,SOLAR ELECTRICAL/RETROFIT SOLUTIONS INC,SOLAR ELECTRICAL/RETROFIT SOLUTIONS INC,ALVARADO TX 76009-5202,JOHNSON,76009,8177393351,"12611 E FM 917, SUITE E",explicit_solar_or_pv,100,"Find official domain, then audit careers pages for detailed solar jobs."
41158,2027-02-23,SOLAR EXPERT AND ROOFS,SOLAR EXPERT AND ROOFS,EDINBURG TX 78542-0463,HIDALGO,78542,9562520685,617 N M ROAD,explicit_solar_or_pv,100,"Find official domain, then audit careers pages for detailed solar jobs."
41297,2027-03-31,SOLAR INNOVATIVE SOLUTIONS CORP,SOLAR INNOVATIVE SOLUTIONS CORP,LEHIGH ACRES FL 33976-4528,OUT OF STATE,33976,3055626736,2705 33RD ST SW,explicit_solar_or_pv,100,"Find official domain, then audit careers pages for detailed solar jobs."
40126,2027-04-01,SOLAR ONE CONSTRUCTION,SOLAR ONE CONSTRUCTION,SHERMAN TX 75090,GRAYSON,75090,9038709052,"221 W HOUSTON STREET, SUITE 220",explicit_solar_or_pv,100,"Find official domain, then audit careers pages for detailed solar jobs."
39062,2027-04-16,SOLAR OPTIMAL SERVICES LLC,SOLAR OPTIMAL SERVICES LLC,DALLAS TX 75253-3720,DALLAS,75253,2149315976,2329 ECHO LAKE DR,explicit_solar_or_pv,100,"Find official domain, then audit careers pages for detailed solar jobs."
38546,2026-09-29,SOLAR PLUS LLC,SOLAR PLUS LLC,MIDLOTHIAN TX 76065-4588,ELLIS,76065,8179322346,3811 WISTERIA TRL,explicit_solar_or_pv,100,"Find official domain, then audit careers pages for detailed solar jobs."
34411,2027-04-16,SOLAR POWER INTEGRATOR LLC,SOLAR POWER INTEGRATOR LLC,CORPUS CHRISTI TX 78418-5312,NUECES,78418,3613601800,582 YORKTOWN BLVD,explicit_solar_or_pv,100,"Find official domain, then audit careers pages for detailed solar jobs."
34727,2026-09-04,SOLAR PVS LLC,SOLAR PVS LLC,HOUSTON TX 77044-4991,HARRIS,77044,8328773380,15218 BENTRIDGE DR,explicit_solar_or_pv,100,"Find official domain, then audit careers pages for detailed solar jobs."
37604,2026-10-27,SOLAR SALES OF NORTH AMERICA INC,SOLAR SALES OF NORTH AMERICA INC,FRISCO TX 75035-6762,COLLIN,75035,4692999980,7837 EXCALIBER RD,explicit_solar_or_pv,100,"Find official domain, then audit careers pages for detailed solar jobs."
41216,2027-03-12,SOLAR SANDHU INC,SOLAR SANDHU INC,HOUSTON TX 77002-8256,HARRIS,77002,8178073594,1825 SAN JACINTO ST STE 540,explicit_solar_or_pv,100,"Find official domain, then audit careers pages for detailed solar jobs."
38399,2027-08-18,SOLAR SCOUTS OPERATIONS LLC,SOLAR SCOUTS OPERATIONS LLC,FREDERICKSBURG TX 78624,GILLESPIE,78624,2148434238,PO BOX 1129,explicit_solar_or_pv,100,"Find official domain, then audit careers pages for detailed solar jobs."
33444,2027-03-19,SOLAR SERVICE AMERICA LLC,SOLAR SERVICE AMERICA LLC,AUSTIN TX 78723,TRAVIS,78723,5129259948,1801 E 51ST ST STE 365 # 250,explicit_solar_or_pv,100,"Find official domain, then audit careers pages for detailed solar jobs."
27852,2027-01-27,"SOLAR SMART LIVING, LLC","SOLAR SMART LIVING, LLC",SANTA TERESA NM 88008,OUT OF STATE,88008,9154002995,108 RAY WARD PL,explicit_solar_or_pv,100,"Find official domain, then audit careers pages for detailed solar jobs."
33434,2027-03-09,"SOLAR SME, INC.","SOLAR SME, INC.",DALLAS TX 75212-7612,DALLAS,75212,2149564300,2626 SEA HARBOR RD,explicit_solar_or_pv,100,"Find official domain, then audit careers pages for detailed solar jobs."
39183,2026-12-11,SOLAR TECH INNOVATIONS LLC,SOLAR TECH INNOVATIONS LLC,BENBROOK TX 76126-3724,TARRANT,76126,8178621143,1124 AUGUSTA RD,explicit_solar_or_pv,100,"Find official domain, then audit careers pages for detailed solar jobs."
28922,2027-06-27,SOLAR TEK ENERGY,SOLAR TEK ENERGY,KYLE TX 78640-5333,HAYS,78640,5122682800,3080 KYLE XING APT 3,explicit_solar_or_pv,100,"Find official domain, then audit careers pages for detailed solar jobs."
35546,2026-10-28,SOLSTICE SOLAR LLC,SOLSTICE SOLAR LLC,HOUSTON TX 77040,HARRIS,77040,4692628161,"STE #150, 9001 JAMEEL RD",explicit_solar_or_pv,100,"Find official domain, then audit careers pages for detailed solar jobs."
29074,2027-02-10,SOUTH COAST SOLAR LLC,SOUTH COAST SOLAR LLC,METAIRIE LA 70002-6036,OUT OF STATE,70002,5045297869,2605 RIDGELAKE DR,explicit_solar_or_pv,100,"Find official domain, then audit careers pages for detailed solar jobs."
30019,2027-02-12,SOUTH TEXAS SOLAR SYSTEMS,SOUTH TEXAS SOLAR SYSTEMS,SAN ANTONIO TX 78217-4449,BEXAR,78217,9562362404,"10203 KOTZEBUE ST, SUITE 109",explicit_solar_or_pv,100,"Find official domain, then audit careers pages for detailed solar jobs."
34875,2026-11-21,"SPACE CITY SOLAR, LLC.","SPACE CITY SOLAR, LLC.",HOUSTON TX 77066-1007,HARRIS,77066,2819992748,12607 VINVALE RD,explicit_solar_or_pv,100,"Find official domain, then audit careers pages for detailed solar jobs."
39434,2026-09-08,SPARTAN SOLAR & ELECTRIC LLC,SPARTAN SOLAR & ELECTRIC LLC,WEATHERFORD TX 76087-7308,PARKER,76087,6822881076,201 PARKWAY DR,explicit_solar_or_pv,100,"Find official domain, then audit careers pages for detailed solar jobs."
41062,2027-01-23,SPECTRUM SOLAR POWER LLC,SPECTRUM SOLAR POWER LLC,WINTER PARK FL 32792-2541,OUT OF STATE,32792,4072052945,2431 ALOMA AVE,explicit_solar_or_pv,100,"Find official domain, then audit careers pages for detailed solar jobs."
38123,2027-06-19,SPEKTRA LLC DBA SOLAR E TRIBE,SPEKTRA LLC DBA SOLAR E TRIBE,PLANO TX 75024-3479,COLLIN,75024,9724006422,7204 HIGH PLAINS DR,explicit_solar_or_pv,100,"Find official domain, then audit careers pages for detailed solar jobs."
36510,2026-11-07,STARALT SOLAR,STARALT SOLAR,MCALLEN TX 78501,HIDALGO,78501,9564455359,401 E CEDAR AVE SUITE E,explicit_solar_or_pv,100,"Find official domain, then audit careers pages for detailed solar jobs."
37176,2027-06-02,STATIC SOLAR LLC,STATIC SOLAR LLC,RICHARDSON TX 75081,DALLAS,75081,8334782842,401 N INTERURBAN ST STE 300,explicit_solar_or_pv,100,"Find official domain, then audit careers pages for detailed solar jobs."
38058,2027-05-03,STEPHENS SOLAR SOLUTIONS,STEPHENS SOLAR SOLUTIONS,SAN ANTONIO TX 78216-3214,BEXAR,78216,2107850994,11801 WARFIELD ST,explicit_solar_or_pv,100,"Find official domain, then audit careers pages for detailed solar jobs."
35852,2027-03-22,STG SOLAR,STG SOLAR,PISGAH FOREST NC 28768,OUT OF STATE,28768,8285959515,37 GROVE BRIDGE ROAD,explicit_solar_or_pv,100,"Find official domain, then audit careers pages for detailed solar jobs."
39529,2026-09-25,STRONG TOWER SOLAR ELC SRVS & GENERATORS,STRONG TOWER SOLAR ELC SRVS & GENERATORS,HUTTO TX 78634-5356,WILLIAMSON,78634,7373065911,501 LAKEMONT DR,explicit_solar_or_pv,100,"Find official domain, then audit careers pages for detailed solar jobs."
40848,2026-11-06,SUN CITY SOLAR SOLUTIONS,SUN CITY SOLAR SOLUTIONS,EL PASO TX 79938,EL PASO,79938,9152745825,12765 COZY CREEK DR,explicit_solar_or_pv,100,"Find official domain, then audit careers pages for detailed solar jobs."
39213,2027-05-28,SUNAURA SOLAR LLC,SUNAURA SOLAR LLC,ADDISON TX 75001,DALLAS,75001,4699357641,"4560 BELT LINE RD, SUITE 205",explicit_solar_or_pv,100,"Find official domain, then audit careers pages for detailed solar jobs."
34916,2027-06-10,SUNCHARGE SOLAR LLC,SUNCHARGE SOLAR LLC,AUSTIN TX 78747-3928,TRAVIS,78747,5126219407,8913 NORWICH CASTLE,explicit_solar_or_pv,100,"Find official domain, then audit careers pages for detailed solar jobs."
38691,2026-11-14,SUNCOR SOLAR & HOME IMPROVEMENT LLC,SUNCOR SOLAR & HOME IMPROVEMENT LLC,PENSACOLA FL 32534-1297,OUT OF STATE,32534,8505307970,251 W NINE MILE RD STE C,explicit_solar_or_pv,100,"Find official domain, then audit careers pages for detailed solar jobs."
39841,2027-01-14,SUNCORE SOLAR L.L.C.,SUNCORE SOLAR L.L.C.,FOUNTAIN VALLEY CA 92708-5510,OUT OF STATE,92708,8016737215,18433 AMISTAD ST,explicit_solar_or_pv,100,"Find official domain, then audit careers pages for detailed solar jobs."
38605,2026-10-11,SUNDOWN SOLAR LLC,SUNDOWN SOLAR LLC,SAN ANTONIO TX 78250-2814,BEXAR,78250,2105379865,7914 LAUREL BND,explicit_solar_or_pv,100,"Find official domain, then audit careers pages for detailed solar jobs."
34867,2026-11-13,SUNERGY SOLAR LLC,SUNERGY SOLAR LLC,NEW PORT RICHEY FL 34654,OUT OF STATE,34654,7273759375,7625 LITTLE RD STE# 200A,explicit_solar_or_pv,100,"Find official domain, then audit careers pages for detailed solar jobs."
37131,2027-06-17,SUNFIRE SOLAR SYSTEMS LLC,SUNFIRE SOLAR SYSTEMS LLC,EL PASO TX 79912-4516,EL PASO,79912,5755714269,6112 N MESA ST APT 6071,explicit_solar_or_pv,100,"Find official domain, then audit careers pages for detailed solar jobs."
39834,2027-01-13,SUNFORCE SOLAR LLC,SUNFORCE SOLAR LLC,LAS CRUCES NM 88007,OUT OF STATE,88007,5756526806,2805 LAS VEGAS CT STE B,explicit_solar_or_pv,100,"Find official domain, then audit careers pages for detailed solar jobs."
39627,2026-10-30,SUNHUT SOLAR LLC,SUNHUT SOLAR LLC,EL PASO TX 79912-4357,EL PASO,79912,9157312009,120 SILVER SHADOW DR,explicit_solar_or_pv,100,"Find official domain, then audit careers pages for detailed solar jobs."
35754,2027-07-18,SUNUP SOLAR II LLC,SUNUP SOLAR II LLC,SAN ANTONIO TX 78205,BEXAR,78205,6233086984,100 E HOUSTON STREET,explicit_solar_or_pv,100,"Find official domain, then audit careers pages for detailed solar jobs."
32406,2027-02-18,SYNAPTIC SOLAR LLC,SYNAPTIC SOLAR LLC,RICHARDSON TX 75081-2334,DALLAS,75081,9726438655,1140 INTERNATIONAL PKWY,explicit_solar_or_pv,100,"Find official domain, then audit careers pages for detailed solar jobs."
37118,2027-06-24,TEX-SUN SOLAR SOLUTIONS LLC,TEX-SUN SOLAR SOLUTIONS LLC,JUSTIN TX 76247,DENTON,76247,9402298563,5440 MONCRIEF ROAD,explicit_solar_or_pv,100,"Find official domain, then audit careers pages for detailed solar jobs."
38897,2027-02-23,TEXAN ELECTRIC & SOLAR SERVICES LLC,TEXAN ELECTRIC & SOLAR SERVICES LLC,MANSFIELD TX 76063-3075,TARRANT,76063,6824019080,7941 RODEO TRL 710,explicit_solar_or_pv,100,"Find official domain, then audit careers pages for detailed solar jobs."
35309,2027-06-15,TEXAS BEST SOLAR,TEXAS BEST SOLAR,LEWISVILLE TX 75057,DENTON,75057,9402318576,760 E MAIN STREET SUITE 301,explicit_solar_or_pv,100,"Find official domain, then audit careers pages for detailed solar jobs."
34757,2027-09-19,TEXAS DIRECT SOLAR LLC,TEXAS DIRECT SOLAR LLC,HOUSTON TX 77023,HARRIS,77023,8329058974,5301 POLK STREET BUILDING 14,explicit_solar_or_pv,100,"Find official domain, then audit careers pages for detailed solar jobs."
34731,2027-09-06,TEXAS ENGINEERED SOLAR LLC,TEXAS ENGINEERED SOLAR LLC,SAN ANTONIO TX 78219,BEXAR,78219,2105161604,8526 NE LOOP 410 # 128,explicit_solar_or_pv,100,"Find official domain, then audit careers pages for detailed solar jobs."
39837,2027-01-14,TEXAS SOLAR CONSULTANTS,TEXAS SOLAR CONSULTANTS,PRINCETON TX 75407,COLLIN,75407,4699293999,10323 COUNTY ROAD 448 #233,explicit_solar_or_pv,100,"Find official domain, then audit careers pages for detailed solar jobs."
30629,2027-01-14,TEXAS SOLAR ENERGY,TEXAS SOLAR ENERGY,HUMBLE TX 77396-6046,HARRIS,77396,8323298949,"14710 BIRCH ARBOR COURT, SUITE A",explicit_solar_or_pv,100,"Find official domain, then audit careers pages for detailed solar jobs."
33580,2027-05-03,TEXAS SOLAR GUYS LLC,TEXAS SOLAR GUYS LLC,BUDA TX 78610,HAYS,78610,5125654767,3690 FM 967,explicit_solar_or_pv,100,"Find official domain, then audit careers pages for detailed solar jobs."
37537,2026-09-27,"TEXAS SOLAR PANIMALS, LLC.","TEXAS SOLAR PANIMALS, LLC.",FORNEY TX 75126-5124,KAUFMAN,75126,9729748531,1000 WEESON RD,explicit_solar_or_pv,100,"Find official domain, then audit careers pages for detailed solar jobs."
26492,2027-07-23,TEXAS SOLAR POWER COMPANY,TEXAS SOLAR POWER COMPANY,AUSTIN TX 78723-1074,TRAVIS,78723,5124599494,6448 E HIGHWAY 290 STE C112,explicit_solar_or_pv,100,"Find official domain, then audit careers pages for detailed solar jobs."
35727,2027-02-09,TEXAS SOLAR PROFESSIONAL LLC,TEXAS SOLAR PROFESSIONAL LLC,CEDAR HILL TX 75104-2656,DALLAS,75104,4695810008,545 JEALOUSE WAY,explicit_solar_or_pv,100,"Find official domain, then audit careers pages for detailed solar jobs."
38164,2027-06-05,TEXAS SOLAR SOLUTIONS LLC,TEXAS SOLAR SOLUTIONS LLC,FORT WORTH TX 76102-3524,TARRANT,76102,8179032295,910 COLLIER ST,explicit_solar_or_pv,100,"Find official domain, then audit careers pages for detailed solar jobs."
38354,2026-10-16,TEXON SOLAR ENERGY LLC,TEXON SOLAR ENERGY LLC,ALVIN TX 77511-7807,BRAZORIA,77511,2817667222,1299 COUNTY ROAD 147,explicit_solar_or_pv,100,"Find official domain, then audit careers pages for detailed solar jobs."
40042,2027-04-29,"THE SOLAR MAINTENANCE GUYS, LLC","THE SOLAR MAINTENANCE GUYS, LLC",BEDFORD TX 76022,TARRANT,76022,6823462225,1001 ATLANTA DR,explicit_solar_or_pv,100,"Find official domain, then audit careers pages for detailed solar jobs."
38160,2027-06-16,THS HOME SOLAR LLC,THS HOME SOLAR LLC,LEWISVILLE TX 75067-4183,DENTON,75067,8177164542,405 SH 121 BYP STE A250,explicit_solar_or_pv,100,"Find official domain, then audit careers pages for detailed solar jobs."
40091,2027-03-19,TIER 1 SOLAR LLC,TIER 1 SOLAR LLC,CORPUS CHRISTI TX 78401-1934,NUECES,78401,3613451000,710 BUFFALO ST STE 207,explicit_solar_or_pv,100,"Find official domain, then audit careers pages for detailed solar jobs."
38437,2027-08-28,"TOP TIER SOLAR SOLUTIONS, LLC","TOP TIER SOLAR SOLUTIONS, LLC",CHARLOTTE NC 28217-2911,OUT OF STATE,28217,8559971213,1530 CENTER PARK DR,explicit_solar_or_pv,100,"Find official domain, then audit careers pages for detailed solar jobs."
32259,2026-12-12,TRISMART SOLAR LLC,TRISMART SOLAR LLC,HOUSTON TX 77073-6445,HARRIS,77073,8884855551,"600 NORTHPARK CENTRAL DR, SUITE 140",explicit_solar_or_pv,100,"Find official domain, then audit careers pages for detailed solar jobs."
37089,2027-05-12,TRUE TEXAS SOLAR LLC,TRUE TEXAS SOLAR LLC,WILLIS TX 77318,MONTGOMERY,77318,9362868325,12275 FM 1097,explicit_solar_or_pv,100,"Find official domain, then audit careers pages for detailed solar jobs."
39808,2027-01-06,TRUHORIZON SOLAR INC.,TRUHORIZON SOLAR INC.,WEATHERFORD TX 76085-3975,PARKER,76085,8179198895,4017 OVERLOOK WAY,explicit_solar_or_pv,100,"Find official domain, then audit careers pages for detailed solar jobs."
39282,2027-07-02,UNITED SOLAR & ROOFING,UNITED SOLAR & ROOFING,ROUND ROCK TX 78665-1591,WILLIAMSON,78665,7373820109,1101 SATELLITE VW UNIT 504,explicit_solar_or_pv,100,"Find official domain, then audit careers pages for detailed solar jobs."
40788,2026-10-17,USA SOLAR AND BATTERY,USA SOLAR AND BATTERY,NORTH RICHLAND HILLS TX 76180,TARRANT,76180,8179921575,7601 BLVD 26 STE B3,explicit_solar_or_pv,100,"Find official domain, then audit careers pages for detailed solar jobs."
38340,2027-08-04,VANTAGE POINT SOLAR LLC,VANTAGE POINT SOLAR LLC,IRVING TX 75039,DALLAS,75039,8189745375,7301 N STATE HWY 161 #148,explicit_solar_or_pv,100,"Find official domain, then audit careers pages for detailed solar jobs."
35152,2027-03-18,"WEST TEXAS SOLAR, LLC","WEST TEXAS SOLAR, LLC",ABILENE TX 79601-6400,TAYLOR,79601,3253705512,4074 E OVERLAND TRAIL,explicit_solar_or_pv,100,"Find official domain, then audit careers pages for detailed solar jobs."
36395,2026-11-09,WHITE LABEL SOLAR SOLUTIONS,WHITE LABEL SOLAR SOLUTIONS,NEW BRAUNFELS TX 78130,COMAL,78130,2103251110,212 RIO DR,explicit_solar_or_pv,100,"Find official domain, then audit careers pages for detailed solar jobs."
32917,2027-09-04,WILL POWER SOLAR LLC,WILL POWER SOLAR LLC,SAN ANTONIO TX 78251,BEXAR,78251,5125509483,"9258 CULEBRA RD, #130",explicit_solar_or_pv,100,"Find official domain, then audit careers pages for detailed solar jobs."
31269,2026-11-30,WRIGHT SOLAR ENERGY L.L.C.,WRIGHT SOLAR ENERGY L.L.C.,SAN ANTONIO TX 78257,BEXAR,78257,2103858764,"STE 104 BOX 509, 17503 LA CANTERA PKWY",explicit_solar_or_pv,100,"Find official domain, then audit careers pages for detailed solar jobs."
26497,2027-05-12,"WRIGHT WAY SOLAR TECHNOLOGIES, LLC","WRIGHT WAY SOLAR TECHNOLOGIES, LLC",TYLER TX 75703,SMITH,75703,9035615191,12863 CR 192,explicit_solar_or_pv,100,"Find official domain, then audit careers pages for detailed solar jobs."
35983,2027-04-27,WVW INVESTMENTS LLC DBA STARLIGHT SOLAR,WVW INVESTMENTS LLC DBA STARLIGHT SOLAR,HOUSTON TX 77045,HARRIS,77045,7139299454,13810 AMBROSE ST,explicit_solar_or_pv,100,"Find official domain, then audit careers pages for detailed solar jobs."
38384,2027-08-16,YOGI SOLAR LLC,YOGI SOLAR LLC,KATY TX 77494-5486,FORT BEND,77494,9198088032,28525 ROSE LN,explicit_solar_or_pv,100,"Find official domain, then audit careers pages for detailed solar jobs."
38305,2027-07-20,YOUR SOLAR LIAISON LLC,YOUR SOLAR LIAISON LLC,EDINBURG TX 78539-8018,HIDALGO,78539,9562547330,204 E CANO ST,explicit_solar_or_pv,100,"Find official domain, then audit careers pages for detailed solar jobs."
39689,2026-11-14,ZEUS ELECTRIC AND SOLAR,ZEUS ELECTRIC AND SOLAR,SAN ANTONIO TX 78218-2504,BEXAR,78218,2109934453,"4845 GOLDFIELD DRIVE, SUITE 107",explicit_solar_or_pv,100,"Find official domain, then audit careers pages for detailed solar jobs."
30564,2027-01-09,A RENEWABLE ELECTRIC LLC,A RENEWABLE ELECTRIC LLC,HOUSTON TX 77072-4203,HARRIS,77072,7139308177,8411 AMBLEWOOD DR,renewable_or_solar_brand,70,"Find official domain, then audit careers pages for detailed solar jobs."
30973,2026-11-30,"BIG DOG RENEWABLE ENERGY, LLC","BIG DOG RENEWABLE ENERGY, LLC",CHUBBUCK ID 83202-4908,OUT OF STATE,83202,2082423352,620 PHEASANT RIDGE DR,renewable_or_solar_brand,70,"Find official domain, then audit careers pages for detailed solar jobs."
35493,2026-10-12,CMS RENEWABLE LLC,CMS RENEWABLE LLC,GRAND PRAIRIE TX 75050,DALLAS,75050,4694285563,1205 W CARRIER PKWY 200 B,renewable_or_solar_brand,70,"Find official domain, then audit careers pages for detailed solar jobs."
29616,2027-04-02,"ENPHASE ENERGY, INC.","ENPHASE ENERGY, INC.",FREMONT CA 94538-6517,OUT OF STATE,94538,8777974743,47281 BAYSIDE PKWY,renewable_or_solar_brand,70,"Find official domain, then audit careers pages for detailed solar jobs."
39097,2027-04-26,HQCA CLEAN ENERGY SERVICES LLC,HQCA CLEAN ENERGY SERVICES LLC,IRVINE CA 92618-5021,OUT OF STATE,92618,9497485996,"300 SPECTRUM CENTER DRIVE SUIT, SUITE 500",renewable_or_solar_brand,70,"Find official domain, then audit careers pages for detailed solar jobs."
32980,2027-09-22,PRIMORIS RENEWABLE ENERGY INC,PRIMORIS RENEWABLE ENERGY INC,AURORA CO 80011-1551,OUT OF STATE,80011,3463525203,3800 LEWISTON ST STE 300,renewable_or_solar_brand,70,"Find official domain, then audit careers pages for detailed solar jobs."
41097,2027-02-04,RENEWABLE ENERGY BROKERS,RENEWABLE ENERGY BROKERS,BOWIE TX 76230,MONTAGUE,76230,2146999796,448 FRONTIR ST,renewable_or_solar_brand,70,"Find official domain, then audit careers pages for detailed solar jobs."
35494,2026-12-09,RENEWABLE ENERGY OF TEXAS LLC,RENEWABLE ENERGY OF TEXAS LLC,SAN ANTONIO TX 78251,BEXAR,78251,2107629798,8034 CULEBRA RD STE 117,renewable_or_solar_brand,70,"Find official domain, then audit careers pages for detailed solar jobs."
36276,2026-09-05,RENEWABLE POWER SOLUTIONS,RENEWABLE POWER SOLUTIONS,GRANBURY TX 76048-5894,HOOD,76048,2544881772,2405 WOODHAVEN DR,renewable_or_solar_brand,70,"Find official domain, then audit careers pages for detailed solar jobs."
33531,2027-04-13,SUNSHINE RENEWABLE SOLUTIONS LLC,SUNSHINE RENEWABLE SOLUTIONS LLC,HOUSTON TX 77033,HARRIS,77033,2817943427,6033 SOUTH LOOP E,renewable_or_solar_brand,70,"Find official domain, then audit careers pages for detailed solar jobs."
39795,2026-12-30,SUNUS PRO - CLEAN ENERGY LLC,SUNUS PRO - CLEAN ENERGY LLC,FORT WORTH TX 76109-4213,TARRANT,76109,8179185978,5049 EDWARDS RANCH RD FL 4,renewable_or_solar_brand,70,"Find official domain, then audit careers pages for detailed solar jobs."
